Using pre-set license
Built from '6000.1/staging' branch; Version is '6000.1.4f1 (03270eb687c6) revision 206606'; Using compiler version '194234433'; Build Type 'Release'
OS: 'Windows 11  (10.0.26200) 64bit Core' Language: 'en' Physical Memory: 15799 MB
BatchMode: 1, IsHumanControllingUs: 0, StartBugReporterOnCrash: 0, Is64bit: 1, IsPro: 1
Date: 2026-03-11T04:35:34Z

COMMAND LINE ARGUMENTS:
C:\Program Files\Unity\Hub\Editor\6000.1.4f1\Editor\Unity.exe
-adb2
-batchMode
-noUpm
-name
AssetImportWorker25
-projectPath
C:/Users/anime/Multiplayer1
-logFile
Logs/AssetImportWorker25.log
-srvPort
63285
-job-worker-count
10
-background-job-worker-count
8
-gc-helper-count
1
-name
AssetImport
Successfully changed project path to: C:/Users/anime/Multiplayer1
C:/Users/anime/Multiplayer1
[UnityMemory] Configuration Parameters - Can be set up in boot.config
    "memorysetup-allocator-temp-initial-block-size-main=262144"
    "memorysetup-allocator-temp-initial-block-size-worker=262144"
    "memorysetup-bucket-allocator-granularity=16"
    "memorysetup-bucket-allocator-bucket-count=8"
    "memorysetup-bucket-allocator-block-size=33554432"
    "memorysetup-bucket-allocator-block-count=8"
    "memorysetup-main-allocator-block-size=16777216"
    "memorysetup-thread-allocator-block-size=16777216"
    "memorysetup-gfx-main-allocator-block-size=16777216"
    "memorysetup-gfx-thread-allocator-block-size=16777216"
    "memorysetup-cache-allocator-block-size=4194304"
    "memorysetup-typetree-allocator-block-size=2097152"
    "memorysetup-profiler-bucket-allocator-granularity=16"
    "memorysetup-profiler-bucket-allocator-bucket-count=8"
    "memorysetup-profiler-bucket-allocator-block-size=33554432"
    "memorysetup-profiler-bucket-allocator-block-count=8"
    "memorysetup-profiler-allocator-block-size=16777216"
    "memorysetup-profiler-editor-allocator-block-size=1048576"
    "memorysetup-temp-allocator-size-main=16777216"
    "memorysetup-job-temp-allocator-block-size=2097152"
    "memorysetup-job-temp-allocator-block-size-background=1048576"
    "memorysetup-job-temp-allocator-reduction-small-platforms=262144"
    "memorysetup-temp-allocator-size-background-worker=32768"
    "memorysetup-temp-allocator-size-job-worker=262144"
    "memorysetup-temp-allocator-size-preload-manager=33554432"
    "memorysetup-temp-allocator-size-nav-mesh-worker=65536"
    "memorysetup-temp-allocator-size-audio-worker=65536"
    "memorysetup-temp-allocator-size-cloud-worker=32768"
    "memorysetup-temp-allocator-size-gi-baking-worker=262144"
    "memorysetup-temp-allocator-size-gi-baking-worker=262144"
    "memorysetup-temp-allocator-size-gi-baking-worker=262144"
    "memorysetup-temp-allocator-size-gi-baking-worker=262144"
    "memorysetup-temp-allocator-size-gi-baking-worker=262144"
    "memorysetup-temp-allocator-size-gfx=262144"
Player connection [18364]  Target information:

Player connection [18364]  * "[IP] 192.168.16.29 [Port] 0 [Flags] 2 [Guid] 1561252947 [EditorId] 1561252947 [Version] 1048832 [Id] WindowsEditor(7,test) [Debug] 1 [PackageName] WindowsEditor [ProjectName] Editor" 

Player connection [18364] Host joined multi-casting on [225.0.0.222:54997]...
Player connection [18364] Host joined alternative multi-casting on [225.0.0.222:34997]...
JobSystem: Creating JobQueue using job-worker-count value 10
Input System module state changed to: Initialized.
[Physics::Module] Initialized fallback backend.
[Physics::Module] Id: 0xdecafbad
Library Redirect Path: Library/
[Physics::Module] Selected backend.
[Physics::Module] Name: PhysX
[Physics::Module] Id: 0xf2b8ea05
[Physics::Module] SDK Version: 4.1.2
[Physics::Module] Integration Version: 1.0.0
[Physics::Module] Threading Mode: Multi-Threaded
Refreshing native plugins compatible for Editor in 508.12 ms, found 4 plugins.
Preloading 0 native plugins for Editor in 0.00 ms.
Initialize engine version: 6000.1.4f1 (03270eb687c6)
[Subsystems] Discovering subsystems at path C:/Program Files/Unity/Hub/Editor/6000.1.4f1/Editor/Data/Resources/UnitySubsystems
[Subsystems] Discovering subsystems at path C:/Users/anime/Multiplayer1/Assets
GfxDevice: creating device client; kGfxThreadingModeNonThreaded
Direct3D:
    Version:         Direct3D 12 [level 12.1]
    Renderer:        NVIDIA GeForce RTX 4060 Laptop GPU (ID=0x28a0)
    Vendor:          NVIDIA
    VRAM:            7957 MB
    App VRAM Budget: 7189 MB
    Driver:          32.0.15.8183
Initialize mono
Mono path[0] = 'C:/Program Files/Unity/Hub/Editor/6000.1.4f1/Editor/Data/Managed'
Mono path[1] = 'C:/Program Files/Unity/Hub/Editor/6000.1.4f1/Editor/Data/MonoBleedingEdge/lib/mono/unityjit-win32'
Mono config path = 'C:/Program Files/Unity/Hub/Editor/6000.1.4f1/Editor/Data/MonoBleedingEdge/etc'
Using monoOptions --debugger-agent=transport=dt_socket,embedding=1,server=y,suspend=n,address=127.0.0.1:56316
Begin MonoManager ReloadAssembly
Registering precompiled unity dll's ...
Register platform support module: C:/Program Files/Unity/Hub/Editor/6000.1.4f1/Editor/Data/PlaybackEngines/WebGLSupport/UnityEditor.WebGL.Extensions.dll
Register platform support module: C:/Program Files/Unity/Hub/Editor/6000.1.4f1/Editor/Data/PlaybackEngines/WindowsStandaloneSupport/UnityEditor.WindowsStandalone.Extensions.dll
Registered in 0.008578 seconds.
- Loaded All Assemblies, in  5.055 seconds
Native extension for WindowsStandalone target not found
Native extension for WebGL target not found
Mono: successfully reloaded assembly
- Finished resetting the current domain, in  0.834 seconds
Domain Reload Profiling: 5917ms
	BeginReloadAssembly (556ms)
		ExecutionOrderSort (0ms)
		DisableScriptedObjects (0ms)
		BackupInstance (0ms)
		ReleaseScriptingObjects (0ms)
		CreateAndSetChildDomain (3ms)
	RebuildCommonClasses (1233ms)
	RebuildNativeTypeToScriptingClass (39ms)
	initialDomainReloadingComplete (127ms)
	LoadAllAssembliesAndSetupDomain (3097ms)
		LoadAssemblies (561ms)
		RebuildTransferFunctionScriptingTraits (0ms)
		AnalyzeDomain (3072ms)
			TypeCache.Refresh (3069ms)
				TypeCache.ScanAssembly (2328ms)
			BuildScriptInfoCaches (0ms)
			ResolveRequiredComponents (1ms)
	FinalizeReload (865ms)
		ReleaseScriptCaches (0ms)
		RebuildScriptCaches (0ms)
		SetupLoadedEditorAssemblies (646ms)
			LogAssemblyErrors (0ms)
			InitializePlatformSupportModulesInManaged (112ms)
			SetLoadedEditorAssemblies (4ms)
			BeforeProcessingInitializeOnLoad (130ms)
			ProcessInitializeOnLoadAttributes (177ms)
			ProcessInitializeOnLoadMethodAttributes (224ms)
			AfterProcessingInitializeOnLoad (0ms)
			EditorAssembliesLoaded (0ms)
		ExecutionOrderSort2 (0ms)
		AwakeInstancesAfterBackupRestoration (0ms)
========================================================================
Worker process is ready to serve import requests
Import Worker Mode flag is 0x00
Begin MonoManager ReloadAssembly
- Loaded All Assemblies, in  2.143 seconds
Refreshing native plugins compatible for Editor in 12.42 ms, found 4 plugins.
Native extension for WindowsStandalone target not found
Native extension for WebGL target not found
Mono: successfully reloaded assembly
- Finished resetting the current domain, in  2.533 seconds
Domain Reload Profiling: 4670ms
	BeginReloadAssembly (214ms)
		ExecutionOrderSort (0ms)
		DisableScriptedObjects (14ms)
		BackupInstance (0ms)
		ReleaseScriptingObjects (0ms)
		CreateAndSetChildDomain (45ms)
	RebuildCommonClasses (47ms)
	RebuildNativeTypeToScriptingClass (15ms)
	initialDomainReloadingComplete (41ms)
	LoadAllAssembliesAndSetupDomain (1819ms)
		LoadAssemblies (1069ms)
		RebuildTransferFunctionScriptingTraits (0ms)
		AnalyzeDomain (841ms)
			TypeCache.Refresh (212ms)
				TypeCache.ScanAssembly (198ms)
			BuildScriptInfoCaches (598ms)
			ResolveRequiredComponents (25ms)
	FinalizeReload (2534ms)
		ReleaseScriptCaches (0ms)
		RebuildScriptCaches (0ms)
		SetupLoadedEditorAssemblies (2231ms)
			LogAssemblyErrors (0ms)
			InitializePlatformSupportModulesInManaged (3ms)
			SetLoadedEditorAssemblies (9ms)
			BeforeProcessingInitializeOnLoad (148ms)
			ProcessInitializeOnLoadAttributes (1659ms)
			ProcessInitializeOnLoadMethodAttributes (405ms)
			AfterProcessingInitializeOnLoad (7ms)
			EditorAssembliesLoaded (0ms)
		ExecutionOrderSort2 (0ms)
		AwakeInstancesAfterBackupRestoration (5ms)
Launched and connected shader compiler UnityShaderCompiler.exe after 0.10 seconds
Refreshing native plugins compatible for Editor in 4.27 ms, found 4 plugins.
Preloading 0 native plugins for Editor in 0.00 ms.
Unloading 231 Unused Serialized files (Serialized files now loaded: 0)
Unloading 7208 unused Assets / (5.4 MB). Loaded Objects now: 7893.
Memory consumption went from 176.5 MB to 171.1 MB.
Total: 12.291400 ms (FindLiveObjects: 1.641300 ms CreateObjectMapping: 0.543600 ms MarkObjects: 5.141500 ms  DeleteObjects: 4.963500 ms)

========================================================================
Received Import Request.
  Time since last request: 438984.135191 seconds.
  path: Assets/Tilesets/craftpix-net-396765-free-simple-platformer-game-kit-pixel-art/1 Main Characters/Appearing.png
  artifactKey: Guid(425182beda5a57c4abbcdb561b9379ef) Importer(815301076,1909f56bfc062723c751e8b465ee728b)
Start importing Assets/Tilesets/craftpix-net-396765-free-simple-platformer-game-kit-pixel-art/1 Main Characters/Appearing.png using Guid(425182beda5a57c4abbcdb561b9379ef) Importer(815301076,1909f56bfc062723c751e8b465ee728b) (PreviewImporter) -> (artifact id: '27261dafbaf0e7b003bbef1fd9a751b0') in 0.2102333 seconds
Number of updated asset objects reloaded before import = 0Number of asset objects unloaded after import = 9

========================================================================
Received Import Request.
  Time since last request: 4.288680 seconds.
  path: Assets/Tilesets/craftpix-net-396765-free-simple-platformer-game-kit-pixel-art/1 Main Characters/2
  artifactKey: Guid(a60a69c4c3fc7164880c37861aaf6fe6) Importer(815301076,1909f56bfc062723c751e8b465ee728b)
Start importing Assets/Tilesets/craftpix-net-396765-free-simple-platformer-game-kit-pixel-art/1 Main Characters/2 using Guid(a60a69c4c3fc7164880c37861aaf6fe6) Importer(815301076,1909f56bfc062723c751e8b465ee728b) (PreviewImporter) -> (artifact id: 'b52cf0d151f0710db5af69c8688e4f3d') in 0.0009844 seconds
Number of updated asset objects reloaded before import = 0Number of asset objects unloaded after import = 0

========================================================================
Received Import Request.
  Time since last request: 0.000027 seconds.
  path: Assets/Tilesets/craftpix-net-396765-free-simple-platformer-game-kit-pixel-art/1 Main Characters/2/Double_Jump.png
  artifactKey: Guid(720e09b79920e5541ad3e02f27209682) Importer(815301076,1909f56bfc062723c751e8b465ee728b)
Start importing Assets/Tilesets/craftpix-net-396765-free-simple-platformer-game-kit-pixel-art/1 Main Characters/2/Double_Jump.png using Guid(720e09b79920e5541ad3e02f27209682) Importer(815301076,1909f56bfc062723c751e8b465ee728b) (PreviewImporter) -> (artifact id: '951082e33dc8f583d3883b6226e1f559') in 0.1181705 seconds
Number of updated asset objects reloaded before import = 0Number of asset objects unloaded after import = 8

========================================================================
Received Import Request.
  Time since last request: 0.000025 seconds.
  path: Assets/Tilesets/craftpix-net-396765-free-simple-platformer-game-kit-pixel-art/1 Main Characters/2/Run.png
  artifactKey: Guid(62e64ecd0b6b56943b1410245a0eaf9b) Importer(815301076,1909f56bfc062723c751e8b465ee728b)
Start importing Assets/Tilesets/craftpix-net-396765-free-simple-platformer-game-kit-pixel-art/1 Main Characters/2/Run.png using Guid(62e64ecd0b6b56943b1410245a0eaf9b) Importer(815301076,1909f56bfc062723c751e8b465ee728b) (PreviewImporter) -> (artifact id: '03b040e6ee90a403273dc0382ee3c7f4') in 0.3029178 seconds
Number of updated asset objects reloaded before import = 0Number of asset objects unloaded after import = 14

========================================================================
Received Import Request.
  Time since last request: 17.214379 seconds.
  path: Assets/Tilesets/craftpix-net-396765-free-simple-platformer-game-kit-pixel-art/2 Locations/Tiles/Tile_59.png
  artifactKey: Guid(ee4b63650feecd24e9f963b9197bc0c5) Importer(815301076,1909f56bfc062723c751e8b465ee728b)
Start importing Assets/Tilesets/craftpix-net-396765-free-simple-platformer-game-kit-pixel-art/2 Locations/Tiles/Tile_59.png using Guid(ee4b63650feecd24e9f963b9197bc0c5) Importer(815301076,1909f56bfc062723c751e8b465ee728b) (PreviewImporter) -> (artifact id: 'ffb94499eabdb8e806861b875d832b32') in 0.0721966 seconds
Number of updated asset objects reloaded before import = 0Number of asset objects unloaded after import = 3

========================================================================
Received Import Request.
  Time since last request: 0.000017 seconds.
  path: Assets/Tilesets/craftpix-net-396765-free-simple-platformer-game-kit-pixel-art/2 Locations/Tiles/Tile_64.png
  artifactKey: Guid(f11c39ca2077be44588074f1137af3f7) Importer(815301076,1909f56bfc062723c751e8b465ee728b)
Start importing Assets/Tilesets/craftpix-net-396765-free-simple-platformer-game-kit-pixel-art/2 Locations/Tiles/Tile_64.png using Guid(f11c39ca2077be44588074f1137af3f7) Importer(815301076,1909f56bfc062723c751e8b465ee728b) (PreviewImporter) -> (artifact id: '4b12dbe9962c86b88631011caa41c447') in 0.0548893 seconds
Number of updated asset objects reloaded before import = 0Number of asset objects unloaded after import = 3

========================================================================
Received Import Request.
  Time since last request: 0.083849 seconds.
  path: Assets/Tilesets/craftpix-net-396765-free-simple-platformer-game-kit-pixel-art/2 Locations/Tiles/Tile_66.png
  artifactKey: Guid(baa654fc7113ccb43b78344e592de2c6) Importer(815301076,1909f56bfc062723c751e8b465ee728b)
Start importing Assets/Tilesets/craftpix-net-396765-free-simple-platformer-game-kit-pixel-art/2 Locations/Tiles/Tile_66.png using Guid(baa654fc7113ccb43b78344e592de2c6) Importer(815301076,1909f56bfc062723c751e8b465ee728b) (PreviewImporter) -> (artifact id: 'e23982492cc19679422e3434395e7f36') in 0.0468463 seconds
Number of updated asset objects reloaded before import = 0Number of asset objects unloaded after import = 3

========================================================================
Received Import Request.
  Time since last request: 3.718297 seconds.
  path: Assets/Tilesets/craftpix-net-396765-free-simple-platformer-game-kit-pixel-art/2 Locations/Backgrounds/2.png
  artifactKey: Guid(7ba44adf87bbddf4bb0287c6440e83b6) Importer(815301076,1909f56bfc062723c751e8b465ee728b)
Start importing Assets/Tilesets/craftpix-net-396765-free-simple-platformer-game-kit-pixel-art/2 Locations/Backgrounds/2.png using Guid(7ba44adf87bbddf4bb0287c6440e83b6) Importer(815301076,1909f56bfc062723c751e8b465ee728b) (PreviewImporter) -> (artifact id: '4c6dc263ad025cad7c75ff13935c148c') in 0.0415952 seconds
Number of updated asset objects reloaded before import = 0Number of asset objects unloaded after import = 3

========================================================================
Received Import Request.
  Time since last request: 3.176185 seconds.
  path: Assets/Tilesets/craftpix-net-396765-free-simple-platformer-game-kit-pixel-art/3 Objects/Boxes/1_Hit.png
  artifactKey: Guid(48254e3fe635d5b46ae6cf9e1bd41e90) Importer(815301076,1909f56bfc062723c751e8b465ee728b)
Start importing Assets/Tilesets/craftpix-net-396765-free-simple-platformer-game-kit-pixel-art/3 Objects/Boxes/1_Hit.png using Guid(48254e3fe635d5b46ae6cf9e1bd41e90) Importer(815301076,1909f56bfc062723c751e8b465ee728b) (PreviewImporter) -> (artifact id: '117d73601204f04a2a75de5299f560cc') in 0.1251024 seconds
Number of updated asset objects reloaded before import = 0Number of asset objects unloaded after import = 5

========================================================================
Received Import Request.
  Time since last request: 4.523728 seconds.
  path: Assets/Tilesets/craftpix-net-396765-free-simple-platformer-game-kit-pixel-art/3 Objects/Gems/2.png
  artifactKey: Guid(6c02e07f326552c4ca1a155f4e54e8d5) Importer(815301076,1909f56bfc062723c751e8b465ee728b)
Start importing Assets/Tilesets/craftpix-net-396765-free-simple-platformer-game-kit-pixel-art/3 Objects/Gems/2.png using Guid(6c02e07f326552c4ca1a155f4e54e8d5) Importer(815301076,1909f56bfc062723c751e8b465ee728b) (PreviewImporter) -> (artifact id: 'e11c0740c9fa980e48c2c1f95bf718b1') in 0.1306841 seconds
Number of updated asset objects reloaded before import = 0Number of asset objects unloaded after import = 9

========================================================================
Received Import Request.
  Time since last request: 10.796776 seconds.
  path: Assets/Tilesets/craftpix-net-396765-free-simple-platformer-game-kit-pixel-art/4 Enemies/2/Fall.png
  artifactKey: Guid(e5cad7e6081abcf4089d9b2d688d9d27) Importer(815301076,1909f56bfc062723c751e8b465ee728b)
Start importing Assets/Tilesets/craftpix-net-396765-free-simple-platformer-game-kit-pixel-art/4 Enemies/2/Fall.png using Guid(e5cad7e6081abcf4089d9b2d688d9d27) Importer(815301076,1909f56bfc062723c751e8b465ee728b) (PreviewImporter) -> (artifact id: 'e462b33814bd77560cdcba37b26d626c') in 0.0751506 seconds
Number of updated asset objects reloaded before import = 0Number of asset objects unloaded after import = 3

========================================================================
Received Import Request.
  Time since last request: 5.113056 seconds.
  path: Assets/Tilesets/craftpix-net-396765-free-simple-platformer-game-kit-pixel-art/4 Enemies/3/Charge.png
  artifactKey: Guid(647051559f4037e4ab089cdaf4507ff3) Importer(815301076,1909f56bfc062723c751e8b465ee728b)
Start importing Assets/Tilesets/craftpix-net-396765-free-simple-platformer-game-kit-pixel-art/4 Enemies/3/Charge.png using Guid(647051559f4037e4ab089cdaf4507ff3) Importer(815301076,1909f56bfc062723c751e8b465ee728b) (PreviewImporter) -> (artifact id: 'b5064379bc4b402d0f99bdbfe1e51138') in 0.1628772 seconds
Number of updated asset objects reloaded before import = 0Number of asset objects unloaded after import = 14

========================================================================
Received Import Request.
  Time since last request: 3.643904 seconds.
  path: Assets/Tilesets/craftpix-net-396765-free-simple-platformer-game-kit-pixel-art/4 Enemies/1/Fall.png
  artifactKey: Guid(985ec1819ae2ae04fa20b18c84f346b5) Importer(815301076,1909f56bfc062723c751e8b465ee728b)
Start importing Assets/Tilesets/craftpix-net-396765-free-simple-platformer-game-kit-pixel-art/4 Enemies/1/Fall.png using Guid(985ec1819ae2ae04fa20b18c84f346b5) Importer(815301076,1909f56bfc062723c751e8b465ee728b) (PreviewImporter) -> (artifact id: '7642c1c15f0ae30128561657f8e11aba') in 0.1812222 seconds
Number of updated asset objects reloaded before import = 0Number of asset objects unloaded after import = 5

========================================================================
Received Import Request.
  Time since last request: 2.912015 seconds.
  path: Assets/Tilesets/craftpix-net-396765-free-simple-platformer-game-kit-pixel-art/4 Enemies/4/Attack.png
  artifactKey: Guid(51c9cd14de2d6b04fa28767e2cafd123) Importer(815301076,1909f56bfc062723c751e8b465ee728b)
Start importing Assets/Tilesets/craftpix-net-396765-free-simple-platformer-game-kit-pixel-art/4 Enemies/4/Attack.png using Guid(51c9cd14de2d6b04fa28767e2cafd123) Importer(815301076,1909f56bfc062723c751e8b465ee728b) (PreviewImporter) -> (artifact id: 'f201f98825f3053f5dafc7e9d60c95da') in 0.1470319 seconds
Number of updated asset objects reloaded before import = 0Number of asset objects unloaded after import = 9

========================================================================
Received Import Request.
  Time since last request: 2.792626 seconds.
  path: Assets/Tilesets/craftpix-net-396765-free-simple-platformer-game-kit-pixel-art/4 Enemies/5/Attack.png
  artifactKey: Guid(d2fb2868404da504ea252d8000a91f7b) Importer(815301076,1909f56bfc062723c751e8b465ee728b)
Start importing Assets/Tilesets/craftpix-net-396765-free-simple-platformer-game-kit-pixel-art/4 Enemies/5/Attack.png using Guid(d2fb2868404da504ea252d8000a91f7b) Importer(815301076,1909f56bfc062723c751e8b465ee728b) (PreviewImporter) -> (artifact id: '4c4bf794ffdcf77bc4330559fe1bb5ac') in 0.2029402 seconds
Number of updated asset objects reloaded before import = 0Number of asset objects unloaded after import = 10

========================================================================
Received Import Request.
  Time since last request: 2.783763 seconds.
  path: Assets/Tilesets/craftpix-net-396765-free-simple-platformer-game-kit-pixel-art/4 Enemies/6 (48x72)/Attack.png
  artifactKey: Guid(a3b91052c7a997d4c9520f6442be0b16) Importer(815301076,1909f56bfc062723c751e8b465ee728b)
Start importing Assets/Tilesets/craftpix-net-396765-free-simple-platformer-game-kit-pixel-art/4 Enemies/6 (48x72)/Attack.png using Guid(a3b91052c7a997d4c9520f6442be0b16) Importer(815301076,1909f56bfc062723c751e8b465ee728b) (PreviewImporter) -> (artifact id: '84dac05edefea136d7b3239e00162dfe') in 0.2335386 seconds
Number of updated asset objects reloaded before import = 0Number of asset objects unloaded after import = 10

========================================================================
Received Import Request.
  Time since last request: 8.238086 seconds.
  path: Assets/Tilesets/craftpix-net-396765-free-simple-platformer-game-kit-pixel-art/5 GUI/Buttons/Button_01.png
  artifactKey: Guid(6d6e3e2ec1936644794d7349a6a84a70) Importer(815301076,1909f56bfc062723c751e8b465ee728b)
Start importing Assets/Tilesets/craftpix-net-396765-free-simple-platformer-game-kit-pixel-art/5 GUI/Buttons/Button_01.png using Guid(6d6e3e2ec1936644794d7349a6a84a70) Importer(815301076,1909f56bfc062723c751e8b465ee728b) (PreviewImporter) -> (artifact id: 'd3f34a363ea41bc2aa39cf14843f11d0') in 0.2000049 seconds
Number of updated asset objects reloaded before import = 0Number of asset objects unloaded after import = 3

========================================================================
Received Import Request.
  Time since last request: 0.000021 seconds.
  path: Assets/Tilesets/craftpix-net-396765-free-simple-platformer-game-kit-pixel-art/5 GUI/Buttons/Button_06.png
  artifactKey: Guid(9931369a95eb285409de004fda2c4ff9) Importer(815301076,1909f56bfc062723c751e8b465ee728b)
Start importing Assets/Tilesets/craftpix-net-396765-free-simple-platformer-game-kit-pixel-art/5 GUI/Buttons/Button_06.png using Guid(9931369a95eb285409de004fda2c4ff9) Importer(815301076,1909f56bfc062723c751e8b465ee728b) (PreviewImporter) -> (artifact id: '98f22e63aac96f27005a97fc42644d4c') in 0.1351519 seconds
Number of updated asset objects reloaded before import = 0Number of asset objects unloaded after import = 3

========================================================================
Received Import Request.
  Time since last request: 0.000052 seconds.
  path: Assets/Tilesets/craftpix-net-396765-free-simple-platformer-game-kit-pixel-art/5 GUI/Buttons/Button_11.png
  artifactKey: Guid(a33ca648224dad04990c3eec3810ac0f) Importer(815301076,1909f56bfc062723c751e8b465ee728b)
Start importing Assets/Tilesets/craftpix-net-396765-free-simple-platformer-game-kit-pixel-art/5 GUI/Buttons/Button_11.png using Guid(a33ca648224dad04990c3eec3810ac0f) Importer(815301076,1909f56bfc062723c751e8b465ee728b) (PreviewImporter) -> (artifact id: 'f14ea404810a4b91ccbfe043d9d518c8') in 0.0492713 seconds
Number of updated asset objects reloaded before import = 0Number of asset objects unloaded after import = 3

========================================================================
Received Import Request.
  Time since last request: 1.090711 seconds.
  path: Assets/Tilesets/craftpix-net-396765-free-simple-platformer-game-kit-pixel-art/5 GUI/Icons/Icon_01.png
  artifactKey: Guid(5daa37b6aebf8b94d94b9d72c8a81d7b) Importer(815301076,1909f56bfc062723c751e8b465ee728b)
Start importing Assets/Tilesets/craftpix-net-396765-free-simple-platformer-game-kit-pixel-art/5 GUI/Icons/Icon_01.png using Guid(5daa37b6aebf8b94d94b9d72c8a81d7b) Importer(815301076,1909f56bfc062723c751e8b465ee728b) (PreviewImporter) -> (artifact id: '40ce7149be14d70a3091d8bff9780359') in 0.0321876 seconds
Number of updated asset objects reloaded before import = 0Number of asset objects unloaded after import = 3

========================================================================
Received Import Request.
  Time since last request: 0.000020 seconds.
  path: Assets/Tilesets/craftpix-net-396765-free-simple-platformer-game-kit-pixel-art/5 GUI/Icons/Icon_07.png
  artifactKey: Guid(0fcbae5e8f08e1d449c0d6ecb732008d) Importer(815301076,1909f56bfc062723c751e8b465ee728b)
Start importing Assets/Tilesets/craftpix-net-396765-free-simple-platformer-game-kit-pixel-art/5 GUI/Icons/Icon_07.png using Guid(0fcbae5e8f08e1d449c0d6ecb732008d) Importer(815301076,1909f56bfc062723c751e8b465ee728b) (PreviewImporter) -> (artifact id: '98c4b1aee584ae418bd4ac8f4b526c31') in 0.0650674 seconds
Number of updated asset objects reloaded before import = 0Number of asset objects unloaded after import = 3

========================================================================
Received Import Request.
  Time since last request: 0.000028 seconds.
  path: Assets/Tilesets/craftpix-net-396765-free-simple-platformer-game-kit-pixel-art/5 GUI/Icons/Icon_11.png
  artifactKey: Guid(f791187a7d1d6c447b6a68c9cdc4d96e) Importer(815301076,1909f56bfc062723c751e8b465ee728b)
Start importing Assets/Tilesets/craftpix-net-396765-free-simple-platformer-game-kit-pixel-art/5 GUI/Icons/Icon_11.png using Guid(f791187a7d1d6c447b6a68c9cdc4d96e) Importer(815301076,1909f56bfc062723c751e8b465ee728b) (PreviewImporter) -> (artifact id: '6e8c0d84185d57a8d88e849b314e0977') in 0.2016674 seconds
Number of updated asset objects reloaded before import = 0Number of asset objects unloaded after import = 4

========================================================================
Received Import Request.
  Time since last request: 17.108597 seconds.
  path: Assets/Tilesets/craftpix-net-926878-free-platformer-game-tileset-pixel-art/PSD
  artifactKey: Guid(be2af7994fab8dd4686e65179b32f002) Importer(815301076,1909f56bfc062723c751e8b465ee728b)
Start importing Assets/Tilesets/craftpix-net-926878-free-platformer-game-tileset-pixel-art/PSD using Guid(be2af7994fab8dd4686e65179b32f002) Importer(815301076,1909f56bfc062723c751e8b465ee728b) (PreviewImporter) -> (artifact id: '64ab3ff38c72163a7f44126d1016eccd') in 0.0009008 seconds
Number of updated asset objects reloaded before import = 0Number of asset objects unloaded after import = 0

========================================================================
Received Import Request.
  Time since last request: 0.000020 seconds.
  path: Assets/Tilesets/craftpix-net-926878-free-platformer-game-tileset-pixel-art/PSD/Background.psd
  artifactKey: Guid(4e7e8462b55b4ef488495b83b99f7ee5) Importer(815301076,1909f56bfc062723c751e8b465ee728b)
Start importing Assets/Tilesets/craftpix-net-926878-free-platformer-game-tileset-pixel-art/PSD/Background.psd using Guid(4e7e8462b55b4ef488495b83b99f7ee5) Importer(815301076,1909f56bfc062723c751e8b465ee728b) (PreviewImporter) -> (artifact id: '87d9c1592289d992484384e04df713f5') in 0.1545096 seconds
Number of updated asset objects reloaded before import = 0Number of asset objects unloaded after import = 3

========================================================================
Received Import Request.
  Time since last request: 0.000027 seconds.
  path: Assets/Tilesets/craftpix-net-926878-free-platformer-game-tileset-pixel-art/PSD/key.psd
  artifactKey: Guid(6916c0391536759439fe52101cd9dd92) Importer(815301076,1909f56bfc062723c751e8b465ee728b)
Start importing Assets/Tilesets/craftpix-net-926878-free-platformer-game-tileset-pixel-art/PSD/key.psd using Guid(6916c0391536759439fe52101cd9dd92) Importer(815301076,1909f56bfc062723c751e8b465ee728b) (PreviewImporter) -> (artifact id: '5894698ab63197b7d3e6792d45b0dc39') in 0.0339693 seconds
Number of updated asset objects reloaded before import = 0Number of asset objects unloaded after import = 3

========================================================================
Received Import Request.
  Time since last request: 0.000030 seconds.
  path: Assets/Tilesets/craftpix-net-926878-free-platformer-game-tileset-pixel-art/PSD/Predator_plant.psd
  artifactKey: Guid(f334bbcd49d683b4daa50c83053e2f9f) Importer(815301076,1909f56bfc062723c751e8b465ee728b)
Start importing Assets/Tilesets/craftpix-net-926878-free-platformer-game-tileset-pixel-art/PSD/Predator_plant.psd using Guid(f334bbcd49d683b4daa50c83053e2f9f) Importer(815301076,1909f56bfc062723c751e8b465ee728b) (PreviewImporter) -> (artifact id: '1d49c4c0599179d9cfed1468c847736d') in 0.0914686 seconds
Number of updated asset objects reloaded before import = 0Number of asset objects unloaded after import = 3

========================================================================
Received Import Request.
  Time since last request: 5.130889 seconds.
  path: Assets/Tilesets/craftpix-net-926878-free-platformer-game-tileset-pixel-art/PSD/Tileset.psd
  artifactKey: Guid(e7e2118ee45ab6d498ce365906a34174) Importer(815301076,1909f56bfc062723c751e8b465ee728b)
Start importing Assets/Tilesets/craftpix-net-926878-free-platformer-game-tileset-pixel-art/PSD/Tileset.psd using Guid(e7e2118ee45ab6d498ce365906a34174) Importer(815301076,1909f56bfc062723c751e8b465ee728b) (PreviewImporter) -> (artifact id: '2be719c66fa0fc2a9ee29cf84b138ecc') in 0.0369796 seconds
Number of updated asset objects reloaded before import = 0Number of asset objects unloaded after import = 3

========================================================================
Received Import Request.
  Time since last request: 18.270112 seconds.
  path: Assets/Tilesets/craftpix-net-396765-free-simple-platformer-game-kit-pixel-art/1 Main Characters/1/Double_Jump.png
  artifactKey: Guid(88ec39b2ae9cc0b4ea043ba9f0a18d4d) Importer(815301076,1909f56bfc062723c751e8b465ee728b)
Start importing Assets/Tilesets/craftpix-net-396765-free-simple-platformer-game-kit-pixel-art/1 Main Characters/1/Double_Jump.png using Guid(88ec39b2ae9cc0b4ea043ba9f0a18d4d) Importer(815301076,1909f56bfc062723c751e8b465ee728b) (PreviewImporter) -> (artifact id: 'aaa0def0e72152718b74980fc31a595f') in 0.158281 seconds
Number of updated asset objects reloaded before import = 0Number of asset objects unloaded after import = 8

========================================================================
Received Import Request.
  Time since last request: 13.696623 seconds.
  path: Assets/Tilesets/craftpix-net-396765-free-simple-platformer-game-kit-pixel-art/PSD/Characters.psd
  artifactKey: Guid(d5d5b77643f51d24aa75637bc2a9049e) Importer(815301076,1909f56bfc062723c751e8b465ee728b)
Start importing Assets/Tilesets/craftpix-net-396765-free-simple-platformer-game-kit-pixel-art/PSD/Characters.psd using Guid(d5d5b77643f51d24aa75637bc2a9049e) Importer(815301076,1909f56bfc062723c751e8b465ee728b) (PreviewImporter) -> (artifact id: '11d4d3a3a786ee177ea788809588bbd8') in 0.0718299 seconds
Number of updated asset objects reloaded before import = 0Number of asset objects unloaded after import = 3

========================================================================
Received Import Request.
  Time since last request: 2.814926 seconds.
  path: Assets/Tilesets/craftpix-net-926878-free-platformer-game-tileset-pixel-art/PNG/cave_entrance.png
  artifactKey: Guid(66fbdc040925b8948abcf246dd6f38e4) Importer(815301076,1909f56bfc062723c751e8b465ee728b)
Start importing Assets/Tilesets/craftpix-net-926878-free-platformer-game-tileset-pixel-art/PNG/cave_entrance.png using Guid(66fbdc040925b8948abcf246dd6f38e4) Importer(815301076,1909f56bfc062723c751e8b465ee728b) (PreviewImporter) -> (artifact id: '2ce9f9ae87f864d3e37f7491ea6431e4') in 0.0796563 seconds
Number of updated asset objects reloaded before import = 0Number of asset objects unloaded after import = 3

========================================================================
Received Import Request.
  Time since last request: 0.000021 seconds.
  path: Assets/Tilesets/craftpix-net-926878-free-platformer-game-tileset-pixel-art/PNG/key.png
  artifactKey: Guid(272905c2adc5ec44abc7b8de3f820d31) Importer(815301076,1909f56bfc062723c751e8b465ee728b)
Start importing Assets/Tilesets/craftpix-net-926878-free-platformer-game-tileset-pixel-art/PNG/key.png using Guid(272905c2adc5ec44abc7b8de3f820d31) Importer(815301076,1909f56bfc062723c751e8b465ee728b) (PreviewImporter) -> (artifact id: 'ee234d25e1d2fcef6cb85a97e6facbb3') in 0.0957443 seconds
Number of updated asset objects reloaded before import = 0Number of asset objects unloaded after import = 14

========================================================================
Received Import Request.
  Time since last request: 0.000030 seconds.
  path: Assets/Tilesets/craftpix-net-926878-free-platformer-game-tileset-pixel-art/PNG/shinies.png
  artifactKey: Guid(732792669b6333d4f8f8d881a0915c02) Importer(815301076,1909f56bfc062723c751e8b465ee728b)
Start importing Assets/Tilesets/craftpix-net-926878-free-platformer-game-tileset-pixel-art/PNG/shinies.png using Guid(732792669b6333d4f8f8d881a0915c02) Importer(815301076,1909f56bfc062723c751e8b465ee728b) (PreviewImporter) -> (artifact id: '78a50fc14544a472e5de5508dc7acf28') in 0.2563255 seconds
Number of updated asset objects reloaded before import = 0Number of asset objects unloaded after import = 74

========================================================================
Received Import Request.
  Time since last request: 0.000029 seconds.
  path: Assets/Tilesets/craftpix-net-926878-free-platformer-game-tileset-pixel-art/PNG/Objects.png
  artifactKey: Guid(3848c47fd778d3147bc9d2f30c219105) Importer(815301076,1909f56bfc062723c751e8b465ee728b)
Start importing Assets/Tilesets/craftpix-net-926878-free-platformer-game-tileset-pixel-art/PNG/Objects.png using Guid(3848c47fd778d3147bc9d2f30c219105) Importer(815301076,1909f56bfc062723c751e8b465ee728b) (PreviewImporter) -> (artifact id: '2e8d0e8bbe7c01bed0ded72872d31204') in 0.268797 seconds
Number of updated asset objects reloaded before import = 0Number of asset objects unloaded after import = 64

========================================================================
Received Import Request.
  Time since last request: 0.271238 seconds.
  path: Assets/Tilesets/craftpix-net-926878-free-platformer-game-tileset-pixel-art/PNG/Tileset.png
  artifactKey: Guid(be4c9074be2843a408edb9260ca42a67) Importer(815301076,1909f56bfc062723c751e8b465ee728b)
Start importing Assets/Tilesets/craftpix-net-926878-free-platformer-game-tileset-pixel-art/PNG/Tileset.png using Guid(be4c9074be2843a408edb9260ca42a67) Importer(815301076,1909f56bfc062723c751e8b465ee728b) (PreviewImporter) -> (artifact id: '0de3ce7eb10c83d12cf5d4980c2aab1b') in 0.0670731 seconds
Number of updated asset objects reloaded before import = 0Number of asset objects unloaded after import = 15

========================================================================
Received Import Request.
  Time since last request: 199.321689 seconds.
  path: Assets/Tilesets/craftpix-net-396765-free-simple-platformer-game-kit-pixel-art/6 Traps/2.png
  artifactKey: Guid(10daab3eca351294d8baa88e36cd5d2c) Importer(815301076,1909f56bfc062723c751e8b465ee728b)
Start importing Assets/Tilesets/craftpix-net-396765-free-simple-platformer-game-kit-pixel-art/6 Traps/2.png using Guid(10daab3eca351294d8baa88e36cd5d2c) Importer(815301076,1909f56bfc062723c751e8b465ee728b) (PreviewImporter) -> (artifact id: 'c6c23eaedfaf2f575da59523c78d6fa0') in 0.1756472 seconds
Number of updated asset objects reloaded before import = 0Number of asset objects unloaded after import = 9

========================================================================
Received Import Request.
  Time since last request: 0.000023 seconds.
  path: Assets/Tilesets/craftpix-net-396765-free-simple-platformer-game-kit-pixel-art/6 Traps/4.png
  artifactKey: Guid(9495a3d4e0e638440bc5d3253f2a2d59) Importer(815301076,1909f56bfc062723c751e8b465ee728b)
Start importing Assets/Tilesets/craftpix-net-396765-free-simple-platformer-game-kit-pixel-art/6 Traps/4.png using Guid(9495a3d4e0e638440bc5d3253f2a2d59) Importer(815301076,1909f56bfc062723c751e8b465ee728b) (PreviewImporter) -> (artifact id: '9095fa6dcf062c5bdafbdc6a8e7ae64d') in 0.0975218 seconds
Number of updated asset objects reloaded before import = 0Number of asset objects unloaded after import = 12

========================================================================
Received Import Request.
  Time since last request: 0.000033 seconds.
  path: Assets/Tilesets/craftpix-net-396765-free-simple-platformer-game-kit-pixel-art/6 Traps/6.png
  artifactKey: Guid(04f5ca984559dc345b5ba0ea50464703) Importer(815301076,1909f56bfc062723c751e8b465ee728b)
Start importing Assets/Tilesets/craftpix-net-396765-free-simple-platformer-game-kit-pixel-art/6 Traps/6.png using Guid(04f5ca984559dc345b5ba0ea50464703) Importer(815301076,1909f56bfc062723c751e8b465ee728b) (PreviewImporter) -> (artifact id: 'acabbdff8fceb4092d0fbd22000311f6') in 0.1399091 seconds
Number of updated asset objects reloaded before import = 0Number of asset objects unloaded after import = 21

========================================================================
Received Import Request.
  Time since last request: 22.984403 seconds.
  path: Assets/Tilesets/craftpix-net-396765-free-simple-platformer-game-kit-pixel-art
  artifactKey: Guid(04b181b35231f8e40bc901c2034a0780) Importer(815301076,1909f56bfc062723c751e8b465ee728b)
Start importing Assets/Tilesets/craftpix-net-396765-free-simple-platformer-game-kit-pixel-art using Guid(04b181b35231f8e40bc901c2034a0780) Importer(815301076,1909f56bfc062723c751e8b465ee728b) (PreviewImporter) -> (artifact id: '5c051b6106eeab0e30104c01377d5a05') in 0.0025226 seconds
Number of updated asset objects reloaded before import = 0Number of asset objects unloaded after import = 0

========================================================================
Received Import Request.
  Time since last request: 2732.199821 seconds.
  path: Assets/Backgrounds/Castle Backgrounds Pixel Art 3/Prefabs/Materials/NoFriction.physicsMaterial2D
  artifactKey: Guid(5e1b8534a74524c4fb5034d422251a96) Importer(815301076,1909f56bfc062723c751e8b465ee728b)
Start importing Assets/Backgrounds/Castle Backgrounds Pixel Art 3/Prefabs/Materials/NoFriction.physicsMaterial2D using Guid(5e1b8534a74524c4fb5034d422251a96) Importer(815301076,1909f56bfc062723c751e8b465ee728b) (PreviewImporter) -> (artifact id: 'a34fb16047b98befa7f83a931d9c9bfb') in 0.1210336 seconds
Number of updated asset objects reloaded before import = 0Number of asset objects unloaded after import = 1

========================================================================
Received Import Request.
  Time since last request: 479.784764 seconds.
  path: Assets/Tilesets/craftpix-net-396765-free-simple-platformer-game-kit-pixel-art/2 Locations/Tiles/New Tile Palette.prefab
  artifactKey: Guid(0b7d89d7f3aaf404785ad0babfa8cd7b) Importer(815301076,1909f56bfc062723c751e8b465ee728b)
Start importing Assets/Tilesets/craftpix-net-396765-free-simple-platformer-game-kit-pixel-art/2 Locations/Tiles/New Tile Palette.prefab using Guid(0b7d89d7f3aaf404785ad0babfa8cd7b) Importer(815301076,1909f56bfc062723c751e8b465ee728b) (PreviewImporter) -> (artifact id: '7991bb1f0edff77affa03e436149d2c3') in 2.7803707 seconds
Number of updated asset objects reloaded before import = 0Number of asset objects unloaded after import = 11

========================================================================
Received Import Request.
  Time since last request: 46.942912 seconds.
  path: Assets/Tilesets/craftpix-net-396765-free-simple-platformer-game-kit-pixel-art/2 Locations/Tiles/Tile_71_0.asset
  artifactKey: Guid(5e8f14348fd88b14192b6ee76f15c996) Importer(815301076,1909f56bfc062723c751e8b465ee728b)
Start importing Assets/Tilesets/craftpix-net-396765-free-simple-platformer-game-kit-pixel-art/2 Locations/Tiles/Tile_71_0.asset using Guid(5e8f14348fd88b14192b6ee76f15c996) Importer(815301076,1909f56bfc062723c751e8b465ee728b) (PreviewImporter) -> (artifact id: '27bd06bfc22e6366db51f1e7e2f48701') in 0.1683066 seconds
Number of updated asset objects reloaded before import = 0Number of asset objects unloaded after import = 3

========================================================================
Received Import Request.
  Time since last request: 449.464510 seconds.
  path: Assets/Tilesets/craftpix-net-396765-free-simple-platformer-game-kit-pixel-art/2 Locations/Tiles/Tile_76_0.asset
  artifactKey: Guid(9fb468d2f3c682c48932d1b3660ac17f) Importer(815301076,1909f56bfc062723c751e8b465ee728b)
Start importing Assets/Tilesets/craftpix-net-396765-free-simple-platformer-game-kit-pixel-art/2 Locations/Tiles/Tile_76_0.asset using Guid(9fb468d2f3c682c48932d1b3660ac17f) Importer(815301076,1909f56bfc062723c751e8b465ee728b) (PreviewImporter) -> (artifact id: 'bbc75f9f960368e9f4545066f39645cd') in 0.0412041 seconds
Number of updated asset objects reloaded before import = 0Number of asset objects unloaded after import = 3

========================================================================
Received Prepare
Begin MonoManager ReloadAssembly
- Loaded All Assemblies, in  3.906 seconds
Refreshing native plugins compatible for Editor in 3.60 ms, found 4 plugins.
Native extension for WindowsStandalone target not found
Native extension for WebGL target not found
Mono: successfully reloaded assembly
- Finished resetting the current domain, in  2.025 seconds
Domain Reload Profiling: 5939ms
	BeginReloadAssembly (2199ms)
		ExecutionOrderSort (0ms)
		DisableScriptedObjects (173ms)
		BackupInstance (0ms)
		ReleaseScriptingObjects (5ms)
		CreateAndSetChildDomain (413ms)
	RebuildCommonClasses (41ms)
	RebuildNativeTypeToScriptingClass (15ms)
	initialDomainReloadingComplete (60ms)
	LoadAllAssembliesAndSetupDomain (1598ms)
		LoadAssemblies (2103ms)
		RebuildTransferFunctionScriptingTraits (0ms)
		AnalyzeDomain (710ms)
			TypeCache.Refresh (43ms)
				TypeCache.ScanAssembly (0ms)
			BuildScriptInfoCaches (630ms)
			ResolveRequiredComponents (17ms)
	FinalizeReload (2026ms)
		ReleaseScriptCaches (0ms)
		RebuildScriptCaches (0ms)
		SetupLoadedEditorAssemblies (1732ms)
			LogAssemblyErrors (0ms)
			InitializePlatformSupportModulesInManaged (6ms)
			SetLoadedEditorAssemblies (10ms)
			BeforeProcessingInitializeOnLoad (225ms)
			ProcessInitializeOnLoadAttributes (1264ms)
			ProcessInitializeOnLoadMethodAttributes (208ms)
			AfterProcessingInitializeOnLoad (16ms)
			EditorAssembliesLoaded (3ms)
		ExecutionOrderSort2 (0ms)
		AwakeInstancesAfterBackupRestoration (37ms)
Refreshing native plugins compatible for Editor in 6.75 ms, found 4 plugins.
Preloading 0 native plugins for Editor in 0.00 ms.
Unloading 36 Unused Serialized files (Serialized files now loaded: 0)
Unloading 7207 unused Assets / (5.5 MB). Loaded Objects now: 8159.
Memory consumption went from 160.2 MB to 154.7 MB.
Total: 24.666700 ms (FindLiveObjects: 3.168400 ms CreateObjectMapping: 0.891500 ms MarkObjects: 15.077600 ms  DeleteObjects: 5.525800 ms)

Prepare: number of updated asset objects reloaded= 0
========================================================================
Received Import Request.
  Time since last request: 1374.203923 seconds.
  path: Assets/Tilesets/craftpix-net-396765-free-simple-platformer-game-kit-pixel-art/2 Locations/Tiles/Tile_76.png
  artifactKey: Guid(41f23119f4b463b43889a10ffcbe6a7f) Importer(815301076,1909f56bfc062723c751e8b465ee728b)
Start importing Assets/Tilesets/craftpix-net-396765-free-simple-platformer-game-kit-pixel-art/2 Locations/Tiles/Tile_76.png using Guid(41f23119f4b463b43889a10ffcbe6a7f) Importer(815301076,1909f56bfc062723c751e8b465ee728b) (PreviewImporter) -> (artifact id: 'df2c60f42b4186d476a61b02b940eaec') in 0.6123056 seconds
Number of updated asset objects reloaded before import = 0Number of asset objects unloaded after import = 3

========================================================================
Received Import Request.
  Time since last request: 97.137764 seconds.
  path: Assets/Tilesets/craftpix-net-396765-free-simple-platformer-game-kit-pixel-art/2 Locations/Tiles/Tile_76.png
  artifactKey: Guid(41f23119f4b463b43889a10ffcbe6a7f) Importer(815301076,1909f56bfc062723c751e8b465ee728b)
Start importing Assets/Tilesets/craftpix-net-396765-free-simple-platformer-game-kit-pixel-art/2 Locations/Tiles/Tile_76.png using Guid(41f23119f4b463b43889a10ffcbe6a7f) Importer(815301076,1909f56bfc062723c751e8b465ee728b) (PreviewImporter) -> (artifact id: '5298a4fb8f2aefcb0f7db296f377dfa7') in 0.1326242 seconds
Number of updated asset objects reloaded before import = 0Number of asset objects unloaded after import = 3

========================================================================
Received Import Request.
  Time since last request: 26.749901 seconds.
  path: Assets/Tilesets/craftpix-net-396765-free-simple-platformer-game-kit-pixel-art/2 Locations/Tiles/Tile_76.png
  artifactKey: Guid(41f23119f4b463b43889a10ffcbe6a7f) Importer(815301076,1909f56bfc062723c751e8b465ee728b)
Start importing Assets/Tilesets/craftpix-net-396765-free-simple-platformer-game-kit-pixel-art/2 Locations/Tiles/Tile_76.png using Guid(41f23119f4b463b43889a10ffcbe6a7f) Importer(815301076,1909f56bfc062723c751e8b465ee728b) (PreviewImporter) -> (artifact id: 'f3ff7bf0bc69f16f34929b5ab9ac3a11') in 0.0313096 seconds
Number of updated asset objects reloaded before import = 0Number of asset objects unloaded after import = 3

========================================================================
Received Import Request.
  Time since last request: 0.000026 seconds.
  path: Assets/Tilesets/craftpix-net-396765-free-simple-platformer-game-kit-pixel-art/2 Locations/Tiles/Tile_76_0.asset
  artifactKey: Guid(9fb468d2f3c682c48932d1b3660ac17f) Importer(815301076,1909f56bfc062723c751e8b465ee728b)
Start importing Assets/Tilesets/craftpix-net-396765-free-simple-platformer-game-kit-pixel-art/2 Locations/Tiles/Tile_76_0.asset using Guid(9fb468d2f3c682c48932d1b3660ac17f) Importer(815301076,1909f56bfc062723c751e8b465ee728b) (PreviewImporter) -> (artifact id: 'fa35321e24fb5cb5d91afddebe8251d4') in 0.0331689 seconds
Number of updated asset objects reloaded before import = 0Number of asset objects unloaded after import = 3

========================================================================
Received Import Request.
  Time since last request: 159.851014 seconds.
  path: Assets/Tilesets/craftpix-net-396765-free-simple-platformer-game-kit-pixel-art/2 Locations/Tiles/New Palette.prefab
  artifactKey: Guid(43b5913e652248145a570d284ebe3c96) Importer(815301076,1909f56bfc062723c751e8b465ee728b)
Start importing Assets/Tilesets/craftpix-net-396765-free-simple-platformer-game-kit-pixel-art/2 Locations/Tiles/New Palette.prefab using Guid(43b5913e652248145a570d284ebe3c96) Importer(815301076,1909f56bfc062723c751e8b465ee728b) (PreviewImporter) -> (artifact id: 'd5df516ad7c23ba135766ddb05132c4e') in 0.9019108 seconds
Number of updated asset objects reloaded before import = 0Number of asset objects unloaded after import = 14

========================================================================
Received Import Request.
  Time since last request: 0.000086 seconds.
  path: Assets/Tilesets/craftpix-net-396765-free-simple-platformer-game-kit-pixel-art/2 Locations/Tiles/New Tile Palette.prefab
  artifactKey: Guid(0b7d89d7f3aaf404785ad0babfa8cd7b) Importer(815301076,1909f56bfc062723c751e8b465ee728b)
Start importing Assets/Tilesets/craftpix-net-396765-free-simple-platformer-game-kit-pixel-art/2 Locations/Tiles/New Tile Palette.prefab using Guid(0b7d89d7f3aaf404785ad0babfa8cd7b) Importer(815301076,1909f56bfc062723c751e8b465ee728b) (PreviewImporter) -> (artifact id: 'bf05038e6d73fa6b420fd5cdcfe7a80d') in 0.0548809 seconds
Number of updated asset objects reloaded before import = 0Number of asset objects unloaded after import = 13

========================================================================
Received Import Request.
  Time since last request: 43.576359 seconds.
  path: Assets/Tilesets/craftpix-net-396765-free-simple-platformer-game-kit-pixel-art/2 Locations/Tiles/Tile_76.png
  artifactKey: Guid(41f23119f4b463b43889a10ffcbe6a7f) Importer(815301076,1909f56bfc062723c751e8b465ee728b)
Start importing Assets/Tilesets/craftpix-net-396765-free-simple-platformer-game-kit-pixel-art/2 Locations/Tiles/Tile_76.png using Guid(41f23119f4b463b43889a10ffcbe6a7f) Importer(815301076,1909f56bfc062723c751e8b465ee728b) (PreviewImporter) -> (artifact id: 'abca6d0aca247d18df9ed6c4a1f75afa') in 0.0261001 seconds
Number of updated asset objects reloaded before import = 0Number of asset objects unloaded after import = 3

========================================================================
Received Import Request.
  Time since last request: 0.000059 seconds.
  path: Assets/Tilesets/craftpix-net-396765-free-simple-platformer-game-kit-pixel-art/2 Locations/Tiles/Tile_76_0.asset
  artifactKey: Guid(9fb468d2f3c682c48932d1b3660ac17f) Importer(815301076,1909f56bfc062723c751e8b465ee728b)
Start importing Assets/Tilesets/craftpix-net-396765-free-simple-platformer-game-kit-pixel-art/2 Locations/Tiles/Tile_76_0.asset using Guid(9fb468d2f3c682c48932d1b3660ac17f) Importer(815301076,1909f56bfc062723c751e8b465ee728b) (PreviewImporter) -> (artifact id: '9f95e89da7fc11b47aea839f7e568021') in 0.0184798 seconds
Number of updated asset objects reloaded before import = 0Number of asset objects unloaded after import = 3

========================================================================
Received Import Request.
  Time since last request: 11.993752 seconds.
  path: Assets/Tilesets/craftpix-net-396765-free-simple-platformer-game-kit-pixel-art/2 Locations/Tiles/Tile_76.png
  artifactKey: Guid(41f23119f4b463b43889a10ffcbe6a7f) Importer(815301076,1909f56bfc062723c751e8b465ee728b)
Start importing Assets/Tilesets/craftpix-net-396765-free-simple-platformer-game-kit-pixel-art/2 Locations/Tiles/Tile_76.png using Guid(41f23119f4b463b43889a10ffcbe6a7f) Importer(815301076,1909f56bfc062723c751e8b465ee728b) (PreviewImporter) -> (artifact id: '6f30be2185a4e037ebdba10cf96c9f6b') in 0.0216102 seconds
Number of updated asset objects reloaded before import = 0Number of asset objects unloaded after import = 3

========================================================================
Received Import Request.
  Time since last request: 0.000036 seconds.
  path: Assets/Tilesets/craftpix-net-396765-free-simple-platformer-game-kit-pixel-art/2 Locations/Tiles/Tile_76_0.asset
  artifactKey: Guid(9fb468d2f3c682c48932d1b3660ac17f) Importer(815301076,1909f56bfc062723c751e8b465ee728b)
Start importing Assets/Tilesets/craftpix-net-396765-free-simple-platformer-game-kit-pixel-art/2 Locations/Tiles/Tile_76_0.asset using Guid(9fb468d2f3c682c48932d1b3660ac17f) Importer(815301076,1909f56bfc062723c751e8b465ee728b) (PreviewImporter) -> (artifact id: 'd37d6818c7fe36ce4418cb72e4f850fb') in 0.0130106 seconds
Number of updated asset objects reloaded before import = 0Number of asset objects unloaded after import = 3

========================================================================
Received Import Request.
  Time since last request: 6.393902 seconds.
  path: Assets/Tilesets/craftpix-net-396765-free-simple-platformer-game-kit-pixel-art/2 Locations/Tiles/Tile_76.png
  artifactKey: Guid(41f23119f4b463b43889a10ffcbe6a7f) Importer(815301076,1909f56bfc062723c751e8b465ee728b)
Start importing Assets/Tilesets/craftpix-net-396765-free-simple-platformer-game-kit-pixel-art/2 Locations/Tiles/Tile_76.png using Guid(41f23119f4b463b43889a10ffcbe6a7f) Importer(815301076,1909f56bfc062723c751e8b465ee728b) (PreviewImporter) -> (artifact id: 'c81c5e2bcb8bab863f4a7e5163b2e18c') in 0.0240855 seconds
Number of updated asset objects reloaded before import = 0Number of asset objects unloaded after import = 3

========================================================================
Received Import Request.
  Time since last request: 0.000039 seconds.
  path: Assets/Tilesets/craftpix-net-396765-free-simple-platformer-game-kit-pixel-art/2 Locations/Tiles/Tile_76_0.asset
  artifactKey: Guid(9fb468d2f3c682c48932d1b3660ac17f) Importer(815301076,1909f56bfc062723c751e8b465ee728b)
Start importing Assets/Tilesets/craftpix-net-396765-free-simple-platformer-game-kit-pixel-art/2 Locations/Tiles/Tile_76_0.asset using Guid(9fb468d2f3c682c48932d1b3660ac17f) Importer(815301076,1909f56bfc062723c751e8b465ee728b) (PreviewImporter) -> (artifact id: '81a0d66e80fcc884c6123f09b40930bc') in 0.0186585 seconds
Number of updated asset objects reloaded before import = 0Number of asset objects unloaded after import = 3

========================================================================
Received Import Request.
  Time since last request: 21.226067 seconds.
  path: Assets/Tilesets/craftpix-net-396765-free-simple-platformer-game-kit-pixel-art/2 Locations/Tiles/Tile_76.png
  artifactKey: Guid(41f23119f4b463b43889a10ffcbe6a7f) Importer(815301076,1909f56bfc062723c751e8b465ee728b)
Start importing Assets/Tilesets/craftpix-net-396765-free-simple-platformer-game-kit-pixel-art/2 Locations/Tiles/Tile_76.png using Guid(41f23119f4b463b43889a10ffcbe6a7f) Importer(815301076,1909f56bfc062723c751e8b465ee728b) (PreviewImporter) -> (artifact id: '97c021c023dc5b1ff6b17e34c75c2108') in 0.0180433 seconds
Number of updated asset objects reloaded before import = 0Number of asset objects unloaded after import = 3

========================================================================
Received Import Request.
  Time since last request: 0.000052 seconds.
  path: Assets/Tilesets/craftpix-net-396765-free-simple-platformer-game-kit-pixel-art/2 Locations/Tiles/Tile_76_0.asset
  artifactKey: Guid(9fb468d2f3c682c48932d1b3660ac17f) Importer(815301076,1909f56bfc062723c751e8b465ee728b)
Start importing Assets/Tilesets/craftpix-net-396765-free-simple-platformer-game-kit-pixel-art/2 Locations/Tiles/Tile_76_0.asset using Guid(9fb468d2f3c682c48932d1b3660ac17f) Importer(815301076,1909f56bfc062723c751e8b465ee728b) (PreviewImporter) -> (artifact id: 'e444434f583e27ef0ed51027bc30f6c4') in 0.0143325 seconds
Number of updated asset objects reloaded before import = 0Number of asset objects unloaded after import = 3

========================================================================
Received Import Request.
  Time since last request: 7.878288 seconds.
  path: Assets/Tilesets/craftpix-net-396765-free-simple-platformer-game-kit-pixel-art/2 Locations/Tiles/Tile_76.png
  artifactKey: Guid(41f23119f4b463b43889a10ffcbe6a7f) Importer(815301076,1909f56bfc062723c751e8b465ee728b)
Start importing Assets/Tilesets/craftpix-net-396765-free-simple-platformer-game-kit-pixel-art/2 Locations/Tiles/Tile_76.png using Guid(41f23119f4b463b43889a10ffcbe6a7f) Importer(815301076,1909f56bfc062723c751e8b465ee728b) (PreviewImporter) -> (artifact id: '976eb70cab83bb17215ffe894004c9d6') in 0.0293275 seconds
Number of updated asset objects reloaded before import = 0Number of asset objects unloaded after import = 3

========================================================================
Received Import Request.
  Time since last request: 0.000032 seconds.
  path: Assets/Tilesets/craftpix-net-396765-free-simple-platformer-game-kit-pixel-art/2 Locations/Tiles/Tile_76_0.asset
  artifactKey: Guid(9fb468d2f3c682c48932d1b3660ac17f) Importer(815301076,1909f56bfc062723c751e8b465ee728b)
Start importing Assets/Tilesets/craftpix-net-396765-free-simple-platformer-game-kit-pixel-art/2 Locations/Tiles/Tile_76_0.asset using Guid(9fb468d2f3c682c48932d1b3660ac17f) Importer(815301076,1909f56bfc062723c751e8b465ee728b) (PreviewImporter) -> (artifact id: '9862a52da7759abe0c28890dc8dfdc84') in 0.0147108 seconds
Number of updated asset objects reloaded before import = 0Number of asset objects unloaded after import = 3

========================================================================
Received Import Request.
  Time since last request: 8.306767 seconds.
  path: Assets/Tilesets/craftpix-net-396765-free-simple-platformer-game-kit-pixel-art/2 Locations/Tiles/Tile_76.png
  artifactKey: Guid(41f23119f4b463b43889a10ffcbe6a7f) Importer(815301076,1909f56bfc062723c751e8b465ee728b)
Start importing Assets/Tilesets/craftpix-net-396765-free-simple-platformer-game-kit-pixel-art/2 Locations/Tiles/Tile_76.png using Guid(41f23119f4b463b43889a10ffcbe6a7f) Importer(815301076,1909f56bfc062723c751e8b465ee728b) (PreviewImporter) -> (artifact id: 'a44c5bacdc424689b8c47c84e23eee0c') in 0.0292392 seconds
Number of updated asset objects reloaded before import = 0Number of asset objects unloaded after import = 3

========================================================================
Received Import Request.
  Time since last request: 0.000056 seconds.
  path: Assets/Tilesets/craftpix-net-396765-free-simple-platformer-game-kit-pixel-art/2 Locations/Tiles/Tile_76_0.asset
  artifactKey: Guid(9fb468d2f3c682c48932d1b3660ac17f) Importer(815301076,1909f56bfc062723c751e8b465ee728b)
Start importing Assets/Tilesets/craftpix-net-396765-free-simple-platformer-game-kit-pixel-art/2 Locations/Tiles/Tile_76_0.asset using Guid(9fb468d2f3c682c48932d1b3660ac17f) Importer(815301076,1909f56bfc062723c751e8b465ee728b) (PreviewImporter) -> (artifact id: '267a5bfd681ec5548f63362f24f7565f') in 0.0428959 seconds
Number of updated asset objects reloaded before import = 0Number of asset objects unloaded after import = 3

========================================================================
Received Import Request.
  Time since last request: 46.346160 seconds.
  path: ProjectSettings/TagManager.asset
  artifactKey: Guid(00000000000000003000000000000000) Importer(815301076,1909f56bfc062723c751e8b465ee728b)
Start importing ProjectSettings/TagManager.asset using Guid(00000000000000003000000000000000) Importer(815301076,1909f56bfc062723c751e8b465ee728b) (PreviewImporter) -> (artifact id: '77f9dd6f28fd7527787506f1412fa193') in 0.0028015 seconds
Number of updated asset objects reloaded before import = 0Number of asset objects unloaded after import = 0

========================================================================
Received Prepare
Begin MonoManager ReloadAssembly
- Loaded All Assemblies, in  2.114 seconds
Refreshing native plugins compatible for Editor in 5.19 ms, found 4 plugins.
Native extension for WindowsStandalone target not found
Native extension for WebGL target not found
Mono: successfully reloaded assembly
- Finished resetting the current domain, in  1.617 seconds
Domain Reload Profiling: 3738ms
	BeginReloadAssembly (622ms)
		ExecutionOrderSort (0ms)
		DisableScriptedObjects (63ms)
		BackupInstance (0ms)
		ReleaseScriptingObjects (1ms)
		CreateAndSetChildDomain (220ms)
	RebuildCommonClasses (62ms)
	RebuildNativeTypeToScriptingClass (20ms)
	initialDomainReloadingComplete (52ms)
	LoadAllAssembliesAndSetupDomain (1363ms)
		LoadAssemblies (1156ms)
		RebuildTransferFunctionScriptingTraits (0ms)
		AnalyzeDomain (424ms)
			TypeCache.Refresh (15ms)
				TypeCache.ScanAssembly (0ms)
			BuildScriptInfoCaches (377ms)
			ResolveRequiredComponents (20ms)
	FinalizeReload (1618ms)
		ReleaseScriptCaches (0ms)
		RebuildScriptCaches (0ms)
		SetupLoadedEditorAssemblies (1350ms)
			LogAssemblyErrors (0ms)
			InitializePlatformSupportModulesInManaged (5ms)
			SetLoadedEditorAssemblies (11ms)
			BeforeProcessingInitializeOnLoad (311ms)
			ProcessInitializeOnLoadAttributes (868ms)
			ProcessInitializeOnLoadMethodAttributes (144ms)
			AfterProcessingInitializeOnLoad (10ms)
			EditorAssembliesLoaded (1ms)
		ExecutionOrderSort2 (0ms)
		AwakeInstancesAfterBackupRestoration (24ms)
Refreshing native plugins compatible for Editor in 6.15 ms, found 4 plugins.
Preloading 0 native plugins for Editor in 0.00 ms.
Unloading 36 Unused Serialized files (Serialized files now loaded: 0)
Unloading 7208 unused Assets / (4.7 MB). Loaded Objects now: 8185.
Memory consumption went from 163.7 MB to 159.0 MB.
Total: 18.219500 ms (FindLiveObjects: 2.586900 ms CreateObjectMapping: 1.387200 ms MarkObjects: 10.005100 ms  DeleteObjects: 4.237700 ms)

Prepare: number of updated asset objects reloaded= 0
========================================================================
Received Import Request.
  Time since last request: 126.593014 seconds.
  path: Assets/Tilesets/craftpix-net-396765-free-simple-platformer-game-kit-pixel-art/2 Locations/Tiles/New Palette.prefab
  artifactKey: Guid(43b5913e652248145a570d284ebe3c96) Importer(815301076,1909f56bfc062723c751e8b465ee728b)
Start importing Assets/Tilesets/craftpix-net-396765-free-simple-platformer-game-kit-pixel-art/2 Locations/Tiles/New Palette.prefab using Guid(43b5913e652248145a570d284ebe3c96) Importer(815301076,1909f56bfc062723c751e8b465ee728b) (PreviewImporter) -> (artifact id: '935c9518940755f1d94c689290df0c83') in 0.8292544 seconds
Number of updated asset objects reloaded before import = 0Number of asset objects unloaded after import = 14

========================================================================
Received Prepare
Begin MonoManager ReloadAssembly
- Loaded All Assemblies, in  1.306 seconds
Refreshing native plugins compatible for Editor in 4.96 ms, found 4 plugins.
Native extension for WindowsStandalone target not found
Native extension for WebGL target not found
Mono: successfully reloaded assembly
- Finished resetting the current domain, in  1.433 seconds
Domain Reload Profiling: 2739ms
	BeginReloadAssembly (392ms)
		ExecutionOrderSort (0ms)
		DisableScriptedObjects (50ms)
		BackupInstance (0ms)
		ReleaseScriptingObjects (0ms)
		CreateAndSetChildDomain (92ms)
	RebuildCommonClasses (52ms)
	RebuildNativeTypeToScriptingClass (17ms)
	initialDomainReloadingComplete (54ms)
	LoadAllAssembliesAndSetupDomain (791ms)
		LoadAssemblies (640ms)
		RebuildTransferFunctionScriptingTraits (0ms)
		AnalyzeDomain (308ms)
			TypeCache.Refresh (12ms)
				TypeCache.ScanAssembly (0ms)
			BuildScriptInfoCaches (273ms)
			ResolveRequiredComponents (17ms)
	FinalizeReload (1434ms)
		ReleaseScriptCaches (0ms)
		RebuildScriptCaches (0ms)
		SetupLoadedEditorAssemblies (1182ms)
			LogAssemblyErrors (0ms)
			InitializePlatformSupportModulesInManaged (5ms)
			SetLoadedEditorAssemblies (9ms)
			BeforeProcessingInitializeOnLoad (240ms)
			ProcessInitializeOnLoadAttributes (784ms)
			ProcessInitializeOnLoadMethodAttributes (134ms)
			AfterProcessingInitializeOnLoad (10ms)
			EditorAssembliesLoaded (1ms)
		ExecutionOrderSort2 (0ms)
		AwakeInstancesAfterBackupRestoration (26ms)
Refreshing native plugins compatible for Editor in 5.76 ms, found 4 plugins.
Preloading 0 native plugins for Editor in 0.00 ms.
Unloading 36 Unused Serialized files (Serialized files now loaded: 0)
Unloading 7207 unused Assets / (6.7 MB). Loaded Objects now: 8210.
Memory consumption went from 173.0 MB to 166.4 MB.
Total: 15.637200 ms (FindLiveObjects: 1.149100 ms CreateObjectMapping: 1.679400 ms MarkObjects: 7.706300 ms  DeleteObjects: 5.100100 ms)

Prepare: number of updated asset objects reloaded= 0
========================================================================
Received Prepare
Begin MonoManager ReloadAssembly
- Loaded All Assemblies, in  6.698 seconds
Refreshing native plugins compatible for Editor in 3.89 ms, found 4 plugins.
Native extension for WindowsStandalone target not found
Native extension for WebGL target not found
Mono: successfully reloaded assembly
- Finished resetting the current domain, in  1.340 seconds
Domain Reload Profiling: 8048ms
	BeginReloadAssembly (2095ms)
		ExecutionOrderSort (0ms)
		DisableScriptedObjects (401ms)
		BackupInstance (0ms)
		ReleaseScriptingObjects (2ms)
		CreateAndSetChildDomain (678ms)
	RebuildCommonClasses (273ms)
	RebuildNativeTypeToScriptingClass (16ms)
	initialDomainReloadingComplete (75ms)
	LoadAllAssembliesAndSetupDomain (4248ms)
		LoadAssemblies (4035ms)
		RebuildTransferFunctionScriptingTraits (0ms)
		AnalyzeDomain (832ms)
			TypeCache.Refresh (35ms)
				TypeCache.ScanAssembly (0ms)
			BuildScriptInfoCaches (760ms)
			ResolveRequiredComponents (20ms)
	FinalizeReload (1340ms)
		ReleaseScriptCaches (0ms)
		RebuildScriptCaches (0ms)
		SetupLoadedEditorAssemblies (1089ms)
			LogAssemblyErrors (0ms)
			InitializePlatformSupportModulesInManaged (4ms)
			SetLoadedEditorAssemblies (9ms)
			BeforeProcessingInitializeOnLoad (211ms)
			ProcessInitializeOnLoadAttributes (749ms)
			ProcessInitializeOnLoadMethodAttributes (108ms)
			AfterProcessingInitializeOnLoad (7ms)
			EditorAssembliesLoaded (0ms)
		ExecutionOrderSort2 (0ms)
		AwakeInstancesAfterBackupRestoration (23ms)
Refreshing native plugins compatible for Editor in 5.64 ms, found 4 plugins.
Preloading 0 native plugins for Editor in 0.00 ms.
Unloading 36 Unused Serialized files (Serialized files now loaded: 0)
Unloading 7207 unused Assets / (6.7 MB). Loaded Objects now: 8213.
Memory consumption went from 175.0 MB to 168.3 MB.
Total: 14.895500 ms (FindLiveObjects: 1.163700 ms CreateObjectMapping: 0.610300 ms MarkObjects: 9.095300 ms  DeleteObjects: 4.022400 ms)

Prepare: number of updated asset objects reloaded= 0
========================================================================
Received Import Request.
  Time since last request: 68426.851080 seconds.
  path: Assets/Tilesets/craftpix-net-396765-free-simple-platformer-game-kit-pixel-art/2 Locations/Tiles/New Palette 2.prefab
  artifactKey: Guid(f28e22f189e0cbe448f065f123d0722a) Importer(815301076,1909f56bfc062723c751e8b465ee728b)
Start importing Assets/Tilesets/craftpix-net-396765-free-simple-platformer-game-kit-pixel-art/2 Locations/Tiles/New Palette 2.prefab using Guid(f28e22f189e0cbe448f065f123d0722a) Importer(815301076,1909f56bfc062723c751e8b465ee728b) (PreviewImporter) -> (artifact id: 'c00230d0ef9621e1d7ebce74e0031e53') in 3.1035884 seconds
Number of updated asset objects reloaded before import = 0Number of asset objects unloaded after import = 14

========================================================================
Received Prepare
Begin MonoManager ReloadAssembly
- Loaded All Assemblies, in  4.477 seconds
Refreshing native plugins compatible for Editor in 7.21 ms, found 4 plugins.
Native extension for WindowsStandalone target not found
Native extension for WebGL target not found
Mono: successfully reloaded assembly
- Finished resetting the current domain, in  2.019 seconds
Domain Reload Profiling: 6505ms
	BeginReloadAssembly (1116ms)
		ExecutionOrderSort (0ms)
		DisableScriptedObjects (121ms)
		BackupInstance (0ms)
		ReleaseScriptingObjects (2ms)
		CreateAndSetChildDomain (502ms)
	RebuildCommonClasses (46ms)
	RebuildNativeTypeToScriptingClass (13ms)
	initialDomainReloadingComplete (44ms)
	LoadAllAssembliesAndSetupDomain (3265ms)
		LoadAssemblies (2842ms)
		RebuildTransferFunctionScriptingTraits (0ms)
		AnalyzeDomain (695ms)
			TypeCache.Refresh (26ms)
				TypeCache.ScanAssembly (0ms)
			BuildScriptInfoCaches (615ms)
			ResolveRequiredComponents (30ms)
	FinalizeReload (2020ms)
		ReleaseScriptCaches (0ms)
		RebuildScriptCaches (0ms)
		SetupLoadedEditorAssemblies (1634ms)
			LogAssemblyErrors (0ms)
			InitializePlatformSupportModulesInManaged (5ms)
			SetLoadedEditorAssemblies (12ms)
			BeforeProcessingInitializeOnLoad (294ms)
			ProcessInitializeOnLoadAttributes (1137ms)
			ProcessInitializeOnLoadMethodAttributes (168ms)
			AfterProcessingInitializeOnLoad (17ms)
			EditorAssembliesLoaded (1ms)
		ExecutionOrderSort2 (0ms)
		AwakeInstancesAfterBackupRestoration (34ms)
Refreshing native plugins compatible for Editor in 9.82 ms, found 4 plugins.
Preloading 0 native plugins for Editor in 0.00 ms.
Unloading 36 Unused Serialized files (Serialized files now loaded: 0)
Unloading 7207 unused Assets / (6.6 MB). Loaded Objects now: 8238.
Memory consumption went from 174.7 MB to 168.2 MB.
Total: 32.598800 ms (FindLiveObjects: 3.552400 ms CreateObjectMapping: 2.132700 ms MarkObjects: 18.667000 ms  DeleteObjects: 8.220600 ms)

Prepare: number of updated asset objects reloaded= 0
========================================================================
Received Import Request.
  Time since last request: 143.765996 seconds.
  path: Assets/Tilesets/craftpix-net-396765-free-simple-platformer-game-kit-pixel-art/2 Locations/Tiles/New Palette 2.prefab
  artifactKey: Guid(f28e22f189e0cbe448f065f123d0722a) Importer(815301076,1909f56bfc062723c751e8b465ee728b)
Start importing Assets/Tilesets/craftpix-net-396765-free-simple-platformer-game-kit-pixel-art/2 Locations/Tiles/New Palette 2.prefab using Guid(f28e22f189e0cbe448f065f123d0722a) Importer(815301076,1909f56bfc062723c751e8b465ee728b) (PreviewImporter) -> (artifact id: '4aee96642b8feff4ad3c3496efcec2e2') in 1.0347155 seconds
Number of updated asset objects reloaded before import = 0Number of asset objects unloaded after import = 11

========================================================================
Received Prepare
Begin MonoManager ReloadAssembly
- Loaded All Assemblies, in  3.360 seconds
Refreshing native plugins compatible for Editor in 4.04 ms, found 4 plugins.
Native extension for WindowsStandalone target not found
Native extension for WebGL target not found
Mono: successfully reloaded assembly
- Finished resetting the current domain, in  1.384 seconds
Domain Reload Profiling: 4752ms
	BeginReloadAssembly (1619ms)
		ExecutionOrderSort (0ms)
		DisableScriptedObjects (375ms)
		BackupInstance (0ms)
		ReleaseScriptingObjects (3ms)
		CreateAndSetChildDomain (646ms)
	RebuildCommonClasses (45ms)
	RebuildNativeTypeToScriptingClass (15ms)
	initialDomainReloadingComplete (56ms)
	LoadAllAssembliesAndSetupDomain (1632ms)
		LoadAssemblies (1082ms)
		RebuildTransferFunctionScriptingTraits (0ms)
		AnalyzeDomain (801ms)
			TypeCache.Refresh (42ms)
				TypeCache.ScanAssembly (0ms)
			BuildScriptInfoCaches (711ms)
			ResolveRequiredComponents (19ms)
	FinalizeReload (1385ms)
		ReleaseScriptCaches (0ms)
		RebuildScriptCaches (0ms)
		SetupLoadedEditorAssemblies (1110ms)
			LogAssemblyErrors (0ms)
			InitializePlatformSupportModulesInManaged (5ms)
			SetLoadedEditorAssemblies (10ms)
			BeforeProcessingInitializeOnLoad (234ms)
			ProcessInitializeOnLoadAttributes (751ms)
			ProcessInitializeOnLoadMethodAttributes (100ms)
			AfterProcessingInitializeOnLoad (8ms)
			EditorAssembliesLoaded (2ms)
		ExecutionOrderSort2 (0ms)
		AwakeInstancesAfterBackupRestoration (23ms)
Refreshing native plugins compatible for Editor in 4.31 ms, found 4 plugins.
Preloading 0 native plugins for Editor in 0.00 ms.
Unloading 36 Unused Serialized files (Serialized files now loaded: 0)
Unloading 7207 unused Assets / (6.0 MB). Loaded Objects now: 8263.
Memory consumption went from 176.4 MB to 170.4 MB.
Total: 15.741700 ms (FindLiveObjects: 1.524100 ms CreateObjectMapping: 0.554700 ms MarkObjects: 9.741400 ms  DeleteObjects: 3.917600 ms)

Prepare: number of updated asset objects reloaded= 0
========================================================================
Received Prepare
Begin MonoManager ReloadAssembly
- Loaded All Assemblies, in  0.920 seconds
Refreshing native plugins compatible for Editor in 2.54 ms, found 4 plugins.
Native extension for WindowsStandalone target not found
Native extension for WebGL target not found
Mono: successfully reloaded assembly
- Finished resetting the current domain, in  0.921 seconds
Domain Reload Profiling: 1839ms
	BeginReloadAssembly (277ms)
		ExecutionOrderSort (0ms)
		DisableScriptedObjects (16ms)
		BackupInstance (0ms)
		ReleaseScriptingObjects (0ms)
		CreateAndSetChildDomain (75ms)
	RebuildCommonClasses (39ms)
	RebuildNativeTypeToScriptingClass (14ms)
	initialDomainReloadingComplete (37ms)
	LoadAllAssembliesAndSetupDomain (549ms)
		LoadAssemblies (478ms)
		RebuildTransferFunctionScriptingTraits (0ms)
		AnalyzeDomain (188ms)
			TypeCache.Refresh (7ms)
				TypeCache.ScanAssembly (0ms)
			BuildScriptInfoCaches (165ms)
			ResolveRequiredComponents (11ms)
	FinalizeReload (922ms)
		ReleaseScriptCaches (0ms)
		RebuildScriptCaches (0ms)
		SetupLoadedEditorAssemblies (767ms)
			LogAssemblyErrors (0ms)
			InitializePlatformSupportModulesInManaged (3ms)
			SetLoadedEditorAssemblies (12ms)
			BeforeProcessingInitializeOnLoad (150ms)
			ProcessInitializeOnLoadAttributes (516ms)
			ProcessInitializeOnLoadMethodAttributes (78ms)
			AfterProcessingInitializeOnLoad (8ms)
			EditorAssembliesLoaded (0ms)
		ExecutionOrderSort2 (0ms)
		AwakeInstancesAfterBackupRestoration (14ms)
Refreshing native plugins compatible for Editor in 3.77 ms, found 4 plugins.
Preloading 0 native plugins for Editor in 0.00 ms.
Unloading 36 Unused Serialized files (Serialized files now loaded: 0)
Unloading 7207 unused Assets / (6.7 MB). Loaded Objects now: 8266.
Memory consumption went from 178.3 MB to 171.6 MB.
Total: 11.921700 ms (FindLiveObjects: 0.937400 ms CreateObjectMapping: 0.421900 ms MarkObjects: 6.239000 ms  DeleteObjects: 4.321500 ms)

Prepare: number of updated asset objects reloaded= 0
========================================================================
Received Prepare
Begin MonoManager ReloadAssembly
- Loaded All Assemblies, in  0.832 seconds
Refreshing native plugins compatible for Editor in 3.46 ms, found 4 plugins.
Native extension for WindowsStandalone target not found
Native extension for WebGL target not found
Mono: successfully reloaded assembly
- Finished resetting the current domain, in  0.929 seconds
Domain Reload Profiling: 1760ms
	BeginReloadAssembly (248ms)
		ExecutionOrderSort (0ms)
		DisableScriptedObjects (14ms)
		BackupInstance (0ms)
		ReleaseScriptingObjects (0ms)
		CreateAndSetChildDomain (61ms)
	RebuildCommonClasses (35ms)
	RebuildNativeTypeToScriptingClass (14ms)
	initialDomainReloadingComplete (37ms)
	LoadAllAssembliesAndSetupDomain (497ms)
		LoadAssemblies (414ms)
		RebuildTransferFunctionScriptingTraits (0ms)
		AnalyzeDomain (192ms)
			TypeCache.Refresh (7ms)
				TypeCache.ScanAssembly (0ms)
			BuildScriptInfoCaches (169ms)
			ResolveRequiredComponents (11ms)
	FinalizeReload (930ms)
		ReleaseScriptCaches (0ms)
		RebuildScriptCaches (0ms)
		SetupLoadedEditorAssemblies (762ms)
			LogAssemblyErrors (0ms)
			InitializePlatformSupportModulesInManaged (3ms)
			SetLoadedEditorAssemblies (7ms)
			BeforeProcessingInitializeOnLoad (147ms)
			ProcessInitializeOnLoadAttributes (518ms)
			ProcessInitializeOnLoadMethodAttributes (79ms)
			AfterProcessingInitializeOnLoad (7ms)
			EditorAssembliesLoaded (1ms)
		ExecutionOrderSort2 (0ms)
		AwakeInstancesAfterBackupRestoration (14ms)
Refreshing native plugins compatible for Editor in 3.21 ms, found 4 plugins.
Preloading 0 native plugins for Editor in 0.00 ms.
Unloading 36 Unused Serialized files (Serialized files now loaded: 0)
Unloading 7207 unused Assets / (7.3 MB). Loaded Objects now: 8269.
Memory consumption went from 180.4 MB to 173.0 MB.
Total: 14.326400 ms (FindLiveObjects: 0.815000 ms CreateObjectMapping: 0.504600 ms MarkObjects: 8.011300 ms  DeleteObjects: 4.993900 ms)

Prepare: number of updated asset objects reloaded= 0
========================================================================
Received Prepare
Begin MonoManager ReloadAssembly
- Loaded All Assemblies, in  0.803 seconds
Refreshing native plugins compatible for Editor in 2.38 ms, found 4 plugins.
Native extension for WindowsStandalone target not found
Native extension for WebGL target not found
Mono: successfully reloaded assembly
- Finished resetting the current domain, in  0.926 seconds
Domain Reload Profiling: 1729ms
	BeginReloadAssembly (224ms)
		ExecutionOrderSort (0ms)
		DisableScriptedObjects (14ms)
		BackupInstance (0ms)
		ReleaseScriptingObjects (0ms)
		CreateAndSetChildDomain (56ms)
	RebuildCommonClasses (34ms)
	RebuildNativeTypeToScriptingClass (11ms)
	initialDomainReloadingComplete (35ms)
	LoadAllAssembliesAndSetupDomain (498ms)
		LoadAssemblies (392ms)
		RebuildTransferFunctionScriptingTraits (0ms)
		AnalyzeDomain (201ms)
			TypeCache.Refresh (6ms)
				TypeCache.ScanAssembly (0ms)
			BuildScriptInfoCaches (180ms)
			ResolveRequiredComponents (11ms)
	FinalizeReload (927ms)
		ReleaseScriptCaches (0ms)
		RebuildScriptCaches (0ms)
		SetupLoadedEditorAssemblies (781ms)
			LogAssemblyErrors (0ms)
			InitializePlatformSupportModulesInManaged (2ms)
			SetLoadedEditorAssemblies (7ms)
			BeforeProcessingInitializeOnLoad (148ms)
			ProcessInitializeOnLoadAttributes (514ms)
			ProcessInitializeOnLoadMethodAttributes (101ms)
			AfterProcessingInitializeOnLoad (7ms)
			EditorAssembliesLoaded (0ms)
		ExecutionOrderSort2 (0ms)
		AwakeInstancesAfterBackupRestoration (15ms)
Refreshing native plugins compatible for Editor in 3.34 ms, found 4 plugins.
Preloading 0 native plugins for Editor in 0.00 ms.
Unloading 36 Unused Serialized files (Serialized files now loaded: 0)
Unloading 7207 unused Assets / (7.1 MB). Loaded Objects now: 8272.
Memory consumption went from 182.5 MB to 175.5 MB.
Total: 11.542000 ms (FindLiveObjects: 0.756600 ms CreateObjectMapping: 0.441300 ms MarkObjects: 6.427300 ms  DeleteObjects: 3.913400 ms)

Prepare: number of updated asset objects reloaded= 0
========================================================================
Received Prepare
Begin MonoManager ReloadAssembly
- Loaded All Assemblies, in  0.845 seconds
Refreshing native plugins compatible for Editor in 3.37 ms, found 4 plugins.
Native extension for WindowsStandalone target not found
Native extension for WebGL target not found
Mono: successfully reloaded assembly
- Finished resetting the current domain, in  1.026 seconds
Domain Reload Profiling: 1872ms
	BeginReloadAssembly (257ms)
		ExecutionOrderSort (0ms)
		DisableScriptedObjects (16ms)
		BackupInstance (0ms)
		ReleaseScriptingObjects (0ms)
		CreateAndSetChildDomain (67ms)
	RebuildCommonClasses (38ms)
	RebuildNativeTypeToScriptingClass (14ms)
	initialDomainReloadingComplete (38ms)
	LoadAllAssembliesAndSetupDomain (499ms)
		LoadAssemblies (399ms)
		RebuildTransferFunctionScriptingTraits (0ms)
		AnalyzeDomain (201ms)
			TypeCache.Refresh (7ms)
				TypeCache.ScanAssembly (0ms)
			BuildScriptInfoCaches (177ms)
			ResolveRequiredComponents (13ms)
	FinalizeReload (1027ms)
		ReleaseScriptCaches (0ms)
		RebuildScriptCaches (0ms)
		SetupLoadedEditorAssemblies (839ms)
			LogAssemblyErrors (0ms)
			InitializePlatformSupportModulesInManaged (3ms)
			SetLoadedEditorAssemblies (7ms)
			BeforeProcessingInitializeOnLoad (171ms)
			ProcessInitializeOnLoadAttributes (562ms)
			ProcessInitializeOnLoadMethodAttributes (87ms)
			AfterProcessingInitializeOnLoad (9ms)
			EditorAssembliesLoaded (0ms)
		ExecutionOrderSort2 (0ms)
		AwakeInstancesAfterBackupRestoration (15ms)
Refreshing native plugins compatible for Editor in 3.37 ms, found 4 plugins.
Preloading 0 native plugins for Editor in 0.00 ms.
Unloading 36 Unused Serialized files (Serialized files now loaded: 0)
Unloading 7207 unused Assets / (5.8 MB). Loaded Objects now: 8275.
Memory consumption went from 184.7 MB to 178.8 MB.
Total: 11.146000 ms (FindLiveObjects: 1.021500 ms CreateObjectMapping: 0.475400 ms MarkObjects: 5.887100 ms  DeleteObjects: 3.760700 ms)

Prepare: number of updated asset objects reloaded= 0
========================================================================
Received Import Request.
  Time since last request: 1491.516069 seconds.
  path: Assets/Tilesets/craftpix-net-396765-free-simple-platformer-game-kit-pixel-art/2 Locations/Tiles/Tiles.prefab
  artifactKey: Guid(3e695fddd118ed2478d77a2df7afca9a) Importer(815301076,1909f56bfc062723c751e8b465ee728b)
Start importing Assets/Tilesets/craftpix-net-396765-free-simple-platformer-game-kit-pixel-art/2 Locations/Tiles/Tiles.prefab using Guid(3e695fddd118ed2478d77a2df7afca9a) Importer(815301076,1909f56bfc062723c751e8b465ee728b) (PreviewImporter) -> (artifact id: '0151006d73f6e17e07406452c02a8c9b') in 0.604067 seconds
Number of updated asset objects reloaded before import = 0Number of asset objects unloaded after import = 11

========================================================================
Received Import Request.
  Time since last request: 26.199084 seconds.
  path: Assets/Tilesets/craftpix-net-396765-free-simple-platformer-game-kit-pixel-art/2 Locations/Tiles/Tile_76.png
  artifactKey: Guid(41f23119f4b463b43889a10ffcbe6a7f) Importer(815301076,1909f56bfc062723c751e8b465ee728b)
Start importing Assets/Tilesets/craftpix-net-396765-free-simple-platformer-game-kit-pixel-art/2 Locations/Tiles/Tile_76.png using Guid(41f23119f4b463b43889a10ffcbe6a7f) Importer(815301076,1909f56bfc062723c751e8b465ee728b) (PreviewImporter) -> (artifact id: 'ca37dc3e1be414387805def859b6f000') in 0.0634331 seconds
Number of updated asset objects reloaded before import = 0Number of asset objects unloaded after import = 3

========================================================================
Received Import Request.
  Time since last request: 55.992658 seconds.
  path: Assets/Tilesets/craftpix-net-396765-free-simple-platformer-game-kit-pixel-art/2 Locations/Tiles/Tiles.prefab
  artifactKey: Guid(3e695fddd118ed2478d77a2df7afca9a) Importer(815301076,1909f56bfc062723c751e8b465ee728b)
Start importing Assets/Tilesets/craftpix-net-396765-free-simple-platformer-game-kit-pixel-art/2 Locations/Tiles/Tiles.prefab using Guid(3e695fddd118ed2478d77a2df7afca9a) Importer(815301076,1909f56bfc062723c751e8b465ee728b) (PreviewImporter) -> (artifact id: 'f885d0c53a394ce9fed1f278fee31458') in 0.0431686 seconds
Number of updated asset objects reloaded before import = 0Number of asset objects unloaded after import = 13

========================================================================
Received Import Request.
  Time since last request: 88.811538 seconds.
  path: Assets/Tilesets/craftpix-net-396765-free-simple-platformer-game-kit-pixel-art/2 Locations/Tiles/Tile_109.png
  artifactKey: Guid(72c74ba58f5dc764aacc511f3f0c4618) Importer(815301076,1909f56bfc062723c751e8b465ee728b)
Start importing Assets/Tilesets/craftpix-net-396765-free-simple-platformer-game-kit-pixel-art/2 Locations/Tiles/Tile_109.png using Guid(72c74ba58f5dc764aacc511f3f0c4618) Importer(815301076,1909f56bfc062723c751e8b465ee728b) (PreviewImporter) -> (artifact id: '3cf9a0987a2e282743a4d3fc605e9094') in 0.0306517 seconds
Number of updated asset objects reloaded before import = 0Number of asset objects unloaded after import = 3

========================================================================
Received Import Request.
  Time since last request: 5.508834 seconds.
  path: Assets/Tilesets/craftpix-net-396765-free-simple-platformer-game-kit-pixel-art/2 Locations/Tiles/Tile_109_0.asset
  artifactKey: Guid(4ce9ccacb10866a458bcaf8317dd2e01) Importer(815301076,1909f56bfc062723c751e8b465ee728b)
Start importing Assets/Tilesets/craftpix-net-396765-free-simple-platformer-game-kit-pixel-art/2 Locations/Tiles/Tile_109_0.asset using Guid(4ce9ccacb10866a458bcaf8317dd2e01) Importer(815301076,1909f56bfc062723c751e8b465ee728b) (PreviewImporter) -> (artifact id: '30ad3f4845e818c707780a33c9c371da') in 0.0303706 seconds
Number of updated asset objects reloaded before import = 0Number of asset objects unloaded after import = 3

========================================================================
Received Import Request.
  Time since last request: 63.052196 seconds.
  path: Assets/Tilesets/craftpix-net-396765-free-simple-platformer-game-kit-pixel-art/2 Locations/Tiles/Tiles.prefab
  artifactKey: Guid(3e695fddd118ed2478d77a2df7afca9a) Importer(815301076,1909f56bfc062723c751e8b465ee728b)
Start importing Assets/Tilesets/craftpix-net-396765-free-simple-platformer-game-kit-pixel-art/2 Locations/Tiles/Tiles.prefab using Guid(3e695fddd118ed2478d77a2df7afca9a) Importer(815301076,1909f56bfc062723c751e8b465ee728b) (PreviewImporter) -> (artifact id: '5a6b8529aee195c5b98238b221d813ba') in 0.0288038 seconds
Number of updated asset objects reloaded before import = 0Number of asset objects unloaded after import = 16

========================================================================
Received Import Request.
  Time since last request: 8.951312 seconds.
  path: Assets/Tilesets/craftpix-net-396765-free-simple-platformer-game-kit-pixel-art/2 Locations/Tiles/Tile_111.png
  artifactKey: Guid(7b330134934783c4593e35cbe0914ebb) Importer(815301076,1909f56bfc062723c751e8b465ee728b)
Start importing Assets/Tilesets/craftpix-net-396765-free-simple-platformer-game-kit-pixel-art/2 Locations/Tiles/Tile_111.png using Guid(7b330134934783c4593e35cbe0914ebb) Importer(815301076,1909f56bfc062723c751e8b465ee728b) (PreviewImporter) -> (artifact id: 'fae0bcfbbb52ea8b411ee07865f4c92d') in 0.0300871 seconds
Number of updated asset objects reloaded before import = 0Number of asset objects unloaded after import = 3

========================================================================
Received Import Request.
  Time since last request: 8.378983 seconds.
  path: Assets/Tilesets/craftpix-net-396765-free-simple-platformer-game-kit-pixel-art/2 Locations/Tiles/Tile_111_0.asset
  artifactKey: Guid(dbae9469785df1043a657cc63b5dcdb6) Importer(815301076,1909f56bfc062723c751e8b465ee728b)
Start importing Assets/Tilesets/craftpix-net-396765-free-simple-platformer-game-kit-pixel-art/2 Locations/Tiles/Tile_111_0.asset using Guid(dbae9469785df1043a657cc63b5dcdb6) Importer(815301076,1909f56bfc062723c751e8b465ee728b) (PreviewImporter) -> (artifact id: 'c81edddcec0a0d4c32739f9dd48472b1') in 0.0216109 seconds
Number of updated asset objects reloaded before import = 0Number of asset objects unloaded after import = 3

========================================================================
Received Import Request.
  Time since last request: 27.842160 seconds.
  path: Assets/Tilesets/craftpix-net-396765-free-simple-platformer-game-kit-pixel-art/2 Locations/Tiles/Tiles.prefab
  artifactKey: Guid(3e695fddd118ed2478d77a2df7afca9a) Importer(815301076,1909f56bfc062723c751e8b465ee728b)
Start importing Assets/Tilesets/craftpix-net-396765-free-simple-platformer-game-kit-pixel-art/2 Locations/Tiles/Tiles.prefab using Guid(3e695fddd118ed2478d77a2df7afca9a) Importer(815301076,1909f56bfc062723c751e8b465ee728b) (PreviewImporter) -> (artifact id: '591a189a236ade25033981a784aae1ff') in 0.0189598 seconds
Number of updated asset objects reloaded before import = 0Number of asset objects unloaded after import = 19

========================================================================
Received Import Request.
  Time since last request: 28.240861 seconds.
  path: Assets/Tilesets/craftpix-net-396765-free-simple-platformer-game-kit-pixel-art/2 Locations/Tiles/Tile_110.png
  artifactKey: Guid(b9e9d48a11a53e840b3ffa167aed0943) Importer(815301076,1909f56bfc062723c751e8b465ee728b)
Start importing Assets/Tilesets/craftpix-net-396765-free-simple-platformer-game-kit-pixel-art/2 Locations/Tiles/Tile_110.png using Guid(b9e9d48a11a53e840b3ffa167aed0943) Importer(815301076,1909f56bfc062723c751e8b465ee728b) (PreviewImporter) -> (artifact id: '30198cb9871d9fb9f84602509dc9cc15') in 0.0316313 seconds
Number of updated asset objects reloaded before import = 0Number of asset objects unloaded after import = 3

========================================================================
Received Import Request.
  Time since last request: 5.292244 seconds.
  path: Assets/Tilesets/craftpix-net-396765-free-simple-platformer-game-kit-pixel-art/2 Locations/Tiles/Tile_110_0.asset
  artifactKey: Guid(289b256f6d7619f4e8f29d2c36f4637a) Importer(815301076,1909f56bfc062723c751e8b465ee728b)
Start importing Assets/Tilesets/craftpix-net-396765-free-simple-platformer-game-kit-pixel-art/2 Locations/Tiles/Tile_110_0.asset using Guid(289b256f6d7619f4e8f29d2c36f4637a) Importer(815301076,1909f56bfc062723c751e8b465ee728b) (PreviewImporter) -> (artifact id: '719cd230c735d08e8bf39565d6f567c1') in 0.0188832 seconds
Number of updated asset objects reloaded before import = 0Number of asset objects unloaded after import = 3

========================================================================
Received Import Request.
  Time since last request: 48.621298 seconds.
  path: Assets/Tilesets/craftpix-net-396765-free-simple-platformer-game-kit-pixel-art/2 Locations/Tiles/Tiles.prefab
  artifactKey: Guid(3e695fddd118ed2478d77a2df7afca9a) Importer(815301076,1909f56bfc062723c751e8b465ee728b)
Start importing Assets/Tilesets/craftpix-net-396765-free-simple-platformer-game-kit-pixel-art/2 Locations/Tiles/Tiles.prefab using Guid(3e695fddd118ed2478d77a2df7afca9a) Importer(815301076,1909f56bfc062723c751e8b465ee728b) (PreviewImporter) -> (artifact id: '4457166a11a034d6bb13874e89f49cba') in 0.051787 seconds
Number of updated asset objects reloaded before import = 0Number of asset objects unloaded after import = 22

========================================================================
Received Prepare
Begin MonoManager ReloadAssembly
- Loaded All Assemblies, in  0.905 seconds
Refreshing native plugins compatible for Editor in 2.69 ms, found 4 plugins.
Native extension for WindowsStandalone target not found
Native extension for WebGL target not found
Mono: successfully reloaded assembly
- Finished resetting the current domain, in  0.968 seconds
Domain Reload Profiling: 1870ms
	BeginReloadAssembly (277ms)
		ExecutionOrderSort (0ms)
		DisableScriptedObjects (30ms)
		BackupInstance (0ms)
		ReleaseScriptingObjects (0ms)
		CreateAndSetChildDomain (68ms)
	RebuildCommonClasses (35ms)
	RebuildNativeTypeToScriptingClass (12ms)
	initialDomainReloadingComplete (35ms)
	LoadAllAssembliesAndSetupDomain (543ms)
		LoadAssemblies (442ms)
		RebuildTransferFunctionScriptingTraits (0ms)
		AnalyzeDomain (214ms)
			TypeCache.Refresh (7ms)
				TypeCache.ScanAssembly (0ms)
			BuildScriptInfoCaches (191ms)
			ResolveRequiredComponents (11ms)
	FinalizeReload (969ms)
		ReleaseScriptCaches (0ms)
		RebuildScriptCaches (0ms)
		SetupLoadedEditorAssemblies (791ms)
			LogAssemblyErrors (0ms)
			InitializePlatformSupportModulesInManaged (3ms)
			SetLoadedEditorAssemblies (6ms)
			BeforeProcessingInitializeOnLoad (148ms)
			ProcessInitializeOnLoadAttributes (521ms)
			ProcessInitializeOnLoadMethodAttributes (105ms)
			AfterProcessingInitializeOnLoad (8ms)
			EditorAssembliesLoaded (0ms)
		ExecutionOrderSort2 (0ms)
		AwakeInstancesAfterBackupRestoration (23ms)
Refreshing native plugins compatible for Editor in 5.26 ms, found 4 plugins.
Preloading 0 native plugins for Editor in 0.00 ms.
Unloading 36 Unused Serialized files (Serialized files now loaded: 0)
Unloading 7207 unused Assets / (6.7 MB). Loaded Objects now: 8305.
Memory consumption went from 178.2 MB to 171.5 MB.
Total: 13.933700 ms (FindLiveObjects: 0.806900 ms CreateObjectMapping: 0.532000 ms MarkObjects: 7.549100 ms  DeleteObjects: 5.043300 ms)

Prepare: number of updated asset objects reloaded= 0
========================================================================
Received Import Request.
  Time since last request: 313.553565 seconds.
  path: Assets/DefaultNetworkPrefabs.asset
  artifactKey: Guid(277e2623b19971843973b4e5ba38424b) Importer(815301076,1909f56bfc062723c751e8b465ee728b)
Start importing Assets/DefaultNetworkPrefabs.asset using Guid(277e2623b19971843973b4e5ba38424b) Importer(815301076,1909f56bfc062723c751e8b465ee728b) (PreviewImporter) -> (artifact id: '000316dd85d608627520145b8e71ef67') in 0.1221315 seconds
Number of updated asset objects reloaded before import = 0Number of asset objects unloaded after import = 17

========================================================================
Received Prepare
Begin MonoManager ReloadAssembly
- Loaded All Assemblies, in  2.022 seconds
Refreshing native plugins compatible for Editor in 4.03 ms, found 4 plugins.
Native extension for WindowsStandalone target not found
Native extension for WebGL target not found
Mono: successfully reloaded assembly
- Finished resetting the current domain, in  1.457 seconds
Domain Reload Profiling: 3488ms
	BeginReloadAssembly (844ms)
		ExecutionOrderSort (1ms)
		DisableScriptedObjects (103ms)
		BackupInstance (0ms)
		ReleaseScriptingObjects (4ms)
		CreateAndSetChildDomain (270ms)
	RebuildCommonClasses (54ms)
	RebuildNativeTypeToScriptingClass (15ms)
	initialDomainReloadingComplete (50ms)
	LoadAllAssembliesAndSetupDomain (1068ms)
		LoadAssemblies (889ms)
		RebuildTransferFunctionScriptingTraits (0ms)
		AnalyzeDomain (423ms)
			TypeCache.Refresh (22ms)
				TypeCache.ScanAssembly (0ms)
			BuildScriptInfoCaches (371ms)
			ResolveRequiredComponents (19ms)
	FinalizeReload (1457ms)
		ReleaseScriptCaches (0ms)
		RebuildScriptCaches (0ms)
		SetupLoadedEditorAssemblies (1198ms)
			LogAssemblyErrors (0ms)
			InitializePlatformSupportModulesInManaged (4ms)
			SetLoadedEditorAssemblies (9ms)
			BeforeProcessingInitializeOnLoad (224ms)
			ProcessInitializeOnLoadAttributes (828ms)
			ProcessInitializeOnLoadMethodAttributes (121ms)
			AfterProcessingInitializeOnLoad (8ms)
			EditorAssembliesLoaded (3ms)
		ExecutionOrderSort2 (0ms)
		AwakeInstancesAfterBackupRestoration (21ms)
Refreshing native plugins compatible for Editor in 5.16 ms, found 4 plugins.
Preloading 0 native plugins for Editor in 0.00 ms.
Unloading 36 Unused Serialized files (Serialized files now loaded: 0)
Unloading 7207 unused Assets / (7.7 MB). Loaded Objects now: 8308.
Memory consumption went from 178.1 MB to 170.5 MB.
Total: 21.299000 ms (FindLiveObjects: 2.170800 ms CreateObjectMapping: 0.639000 ms MarkObjects: 12.003100 ms  DeleteObjects: 6.483400 ms)

Prepare: number of updated asset objects reloaded= 0
========================================================================
Received Prepare
Begin MonoManager ReloadAssembly
- Loaded All Assemblies, in  7.779 seconds
Refreshing native plugins compatible for Editor in 6.20 ms, found 4 plugins.
Native extension for WindowsStandalone target not found
Native extension for WebGL target not found
Mono: successfully reloaded assembly
- Finished resetting the current domain, in  1.567 seconds
Domain Reload Profiling: 9380ms
	BeginReloadAssembly (2748ms)
		ExecutionOrderSort (1ms)
		DisableScriptedObjects (359ms)
		BackupInstance (0ms)
		ReleaseScriptingObjects (5ms)
		CreateAndSetChildDomain (1005ms)
	RebuildCommonClasses (92ms)
	RebuildNativeTypeToScriptingClass (22ms)
	initialDomainReloadingComplete (104ms)
	LoadAllAssembliesAndSetupDomain (4846ms)
		LoadAssemblies (4699ms)
		RebuildTransferFunctionScriptingTraits (0ms)
		AnalyzeDomain (961ms)
			TypeCache.Refresh (130ms)
				TypeCache.ScanAssembly (4ms)
			BuildScriptInfoCaches (775ms)
			ResolveRequiredComponents (31ms)
	FinalizeReload (1568ms)
		ReleaseScriptCaches (0ms)
		RebuildScriptCaches (0ms)
		SetupLoadedEditorAssemblies (1243ms)
			LogAssemblyErrors (0ms)
			InitializePlatformSupportModulesInManaged (6ms)
			SetLoadedEditorAssemblies (12ms)
			BeforeProcessingInitializeOnLoad (226ms)
			ProcessInitializeOnLoadAttributes (836ms)
			ProcessInitializeOnLoadMethodAttributes (143ms)
			AfterProcessingInitializeOnLoad (19ms)
			EditorAssembliesLoaded (1ms)
		ExecutionOrderSort2 (0ms)
		AwakeInstancesAfterBackupRestoration (29ms)
Refreshing native plugins compatible for Editor in 4.96 ms, found 4 plugins.
Preloading 0 native plugins for Editor in 0.00 ms.
Unloading 36 Unused Serialized files (Serialized files now loaded: 0)
Unloading 7207 unused Assets / (8.4 MB). Loaded Objects now: 8311.
Memory consumption went from 180.2 MB to 171.8 MB.
Total: 24.646200 ms (FindLiveObjects: 3.030400 ms CreateObjectMapping: 0.630000 ms MarkObjects: 12.717100 ms  DeleteObjects: 8.264300 ms)

Prepare: number of updated asset objects reloaded= 0
========================================================================
Received Prepare
Begin MonoManager ReloadAssembly
- Loaded All Assemblies, in  1.686 seconds
Refreshing native plugins compatible for Editor in 5.36 ms, found 4 plugins.
Native extension for WindowsStandalone target not found
Native extension for WebGL target not found
Mono: successfully reloaded assembly
- Finished resetting the current domain, in  1.557 seconds
Domain Reload Profiling: 3241ms
	BeginReloadAssembly (432ms)
		ExecutionOrderSort (0ms)
		DisableScriptedObjects (28ms)
		BackupInstance (0ms)
		ReleaseScriptingObjects (0ms)
		CreateAndSetChildDomain (95ms)
	RebuildCommonClasses (83ms)
	RebuildNativeTypeToScriptingClass (34ms)
	initialDomainReloadingComplete (80ms)
	LoadAllAssembliesAndSetupDomain (1053ms)
		LoadAssemblies (923ms)
		RebuildTransferFunctionScriptingTraits (0ms)
		AnalyzeDomain (338ms)
			TypeCache.Refresh (10ms)
				TypeCache.ScanAssembly (0ms)
			BuildScriptInfoCaches (304ms)
			ResolveRequiredComponents (18ms)
	FinalizeReload (1559ms)
		ReleaseScriptCaches (0ms)
		RebuildScriptCaches (0ms)
		SetupLoadedEditorAssemblies (1238ms)
			LogAssemblyErrors (0ms)
			InitializePlatformSupportModulesInManaged (4ms)
			SetLoadedEditorAssemblies (5ms)
			BeforeProcessingInitializeOnLoad (212ms)
			ProcessInitializeOnLoadAttributes (854ms)
			ProcessInitializeOnLoadMethodAttributes (149ms)
			AfterProcessingInitializeOnLoad (15ms)
			EditorAssembliesLoaded (1ms)
		ExecutionOrderSort2 (0ms)
		AwakeInstancesAfterBackupRestoration (34ms)
Refreshing native plugins compatible for Editor in 6.00 ms, found 4 plugins.
Preloading 0 native plugins for Editor in 0.00 ms.
Unloading 36 Unused Serialized files (Serialized files now loaded: 0)
Unloading 7207 unused Assets / (6.6 MB). Loaded Objects now: 8314.
Memory consumption went from 182.3 MB to 175.7 MB.
Total: 18.089400 ms (FindLiveObjects: 1.987200 ms CreateObjectMapping: 1.171300 ms MarkObjects: 9.692800 ms  DeleteObjects: 5.235400 ms)

Prepare: number of updated asset objects reloaded= 0
========================================================================
Received Import Request.
  Time since last request: 1789.440385 seconds.
  path: Assets/Scenes/Level1.unity
  artifactKey: Guid(dbfecb23fab72684593d7d69f10c284d) Importer(815301076,1909f56bfc062723c751e8b465ee728b)
Start importing Assets/Scenes/Level1.unity using Guid(dbfecb23fab72684593d7d69f10c284d) Importer(815301076,1909f56bfc062723c751e8b465ee728b) (PreviewImporter) -> (artifact id: '45a6516598fba446de51b77ec62d0f84') in 0.0138299 seconds
Number of updated asset objects reloaded before import = 0Number of asset objects unloaded after import = 0

========================================================================
Received Prepare
Begin MonoManager ReloadAssembly
- Loaded All Assemblies, in  6.081 seconds
Refreshing native plugins compatible for Editor in 5.61 ms, found 4 plugins.
Native extension for WindowsStandalone target not found
Native extension for WebGL target not found
Mono: successfully reloaded assembly
- Finished resetting the current domain, in  1.598 seconds
Domain Reload Profiling: 7689ms
	BeginReloadAssembly (1775ms)
		ExecutionOrderSort (0ms)
		DisableScriptedObjects (223ms)
		BackupInstance (0ms)
		ReleaseScriptingObjects (7ms)
		CreateAndSetChildDomain (765ms)
	RebuildCommonClasses (84ms)
	RebuildNativeTypeToScriptingClass (17ms)
	initialDomainReloadingComplete (89ms)
	LoadAllAssembliesAndSetupDomain (4124ms)
		LoadAssemblies (4000ms)
		RebuildTransferFunctionScriptingTraits (0ms)
		AnalyzeDomain (538ms)
			TypeCache.Refresh (24ms)
				TypeCache.ScanAssembly (0ms)
			BuildScriptInfoCaches (474ms)
			ResolveRequiredComponents (28ms)
	FinalizeReload (1599ms)
		ReleaseScriptCaches (0ms)
		RebuildScriptCaches (0ms)
		SetupLoadedEditorAssemblies (1295ms)
			LogAssemblyErrors (0ms)
			InitializePlatformSupportModulesInManaged (5ms)
			SetLoadedEditorAssemblies (11ms)
			BeforeProcessingInitializeOnLoad (235ms)
			ProcessInitializeOnLoadAttributes (903ms)
			ProcessInitializeOnLoadMethodAttributes (126ms)
			AfterProcessingInitializeOnLoad (13ms)
			EditorAssembliesLoaded (1ms)
		ExecutionOrderSort2 (0ms)
		AwakeInstancesAfterBackupRestoration (30ms)
Refreshing native plugins compatible for Editor in 5.79 ms, found 4 plugins.
Preloading 0 native plugins for Editor in 0.00 ms.
Unloading 36 Unused Serialized files (Serialized files now loaded: 0)
Unloading 7207 unused Assets / (8.3 MB). Loaded Objects now: 8317.
Memory consumption went from 178.3 MB to 169.9 MB.
Total: 18.254900 ms (FindLiveObjects: 0.998400 ms CreateObjectMapping: 0.580200 ms MarkObjects: 7.543000 ms  DeleteObjects: 9.129800 ms)

Prepare: number of updated asset objects reloaded= 0
========================================================================
Received Prepare
Begin MonoManager ReloadAssembly
- Loaded All Assemblies, in  1.579 seconds
Refreshing native plugins compatible for Editor in 3.22 ms, found 4 plugins.
Native extension for WindowsStandalone target not found
Native extension for WebGL target not found
Mono: successfully reloaded assembly
- Finished resetting the current domain, in  1.529 seconds
Domain Reload Profiling: 3106ms
	BeginReloadAssembly (319ms)
		ExecutionOrderSort (0ms)
		DisableScriptedObjects (21ms)
		BackupInstance (0ms)
		ReleaseScriptingObjects (0ms)
		CreateAndSetChildDomain (83ms)
	RebuildCommonClasses (43ms)
	RebuildNativeTypeToScriptingClass (12ms)
	initialDomainReloadingComplete (43ms)
	LoadAllAssembliesAndSetupDomain (1159ms)
		LoadAssemblies (1026ms)
		RebuildTransferFunctionScriptingTraits (0ms)
		AnalyzeDomain (270ms)
			TypeCache.Refresh (8ms)
				TypeCache.ScanAssembly (0ms)
			BuildScriptInfoCaches (242ms)
			ResolveRequiredComponents (14ms)
	FinalizeReload (1529ms)
		ReleaseScriptCaches (0ms)
		RebuildScriptCaches (0ms)
		SetupLoadedEditorAssemblies (1273ms)
			LogAssemblyErrors (0ms)
			InitializePlatformSupportModulesInManaged (5ms)
			SetLoadedEditorAssemblies (11ms)
			BeforeProcessingInitializeOnLoad (253ms)
			ProcessInitializeOnLoadAttributes (863ms)
			ProcessInitializeOnLoadMethodAttributes (130ms)
			AfterProcessingInitializeOnLoad (10ms)
			EditorAssembliesLoaded (1ms)
		ExecutionOrderSort2 (0ms)
		AwakeInstancesAfterBackupRestoration (26ms)
Refreshing native plugins compatible for Editor in 6.27 ms, found 4 plugins.
Preloading 0 native plugins for Editor in 0.00 ms.
Unloading 36 Unused Serialized files (Serialized files now loaded: 0)
Unloading 7207 unused Assets / (6.0 MB). Loaded Objects now: 8320.
Memory consumption went from 180.3 MB to 174.2 MB.
Total: 16.100500 ms (FindLiveObjects: 1.705500 ms CreateObjectMapping: 0.764300 ms MarkObjects: 8.578900 ms  DeleteObjects: 5.048400 ms)

Prepare: number of updated asset objects reloaded= 0
========================================================================
Received Prepare
Begin MonoManager ReloadAssembly
- Loaded All Assemblies, in  0.976 seconds
Refreshing native plugins compatible for Editor in 2.88 ms, found 4 plugins.
Native extension for WindowsStandalone target not found
Native extension for WebGL target not found
Mono: successfully reloaded assembly
- Finished resetting the current domain, in  1.093 seconds
Domain Reload Profiling: 2067ms
	BeginReloadAssembly (294ms)
		ExecutionOrderSort (0ms)
		DisableScriptedObjects (22ms)
		BackupInstance (0ms)
		ReleaseScriptingObjects (0ms)
		CreateAndSetChildDomain (74ms)
	RebuildCommonClasses (39ms)
	RebuildNativeTypeToScriptingClass (14ms)
	initialDomainReloadingComplete (35ms)
	LoadAllAssembliesAndSetupDomain (591ms)
		LoadAssemblies (464ms)
		RebuildTransferFunctionScriptingTraits (0ms)
		AnalyzeDomain (250ms)
			TypeCache.Refresh (8ms)
				TypeCache.ScanAssembly (0ms)
			BuildScriptInfoCaches (224ms)
			ResolveRequiredComponents (13ms)
	FinalizeReload (1094ms)
		ReleaseScriptCaches (0ms)
		RebuildScriptCaches (0ms)
		SetupLoadedEditorAssemblies (899ms)
			LogAssemblyErrors (0ms)
			InitializePlatformSupportModulesInManaged (3ms)
			SetLoadedEditorAssemblies (8ms)
			BeforeProcessingInitializeOnLoad (186ms)
			ProcessInitializeOnLoadAttributes (598ms)
			ProcessInitializeOnLoadMethodAttributes (97ms)
			AfterProcessingInitializeOnLoad (7ms)
			EditorAssembliesLoaded (0ms)
		ExecutionOrderSort2 (0ms)
		AwakeInstancesAfterBackupRestoration (18ms)
Refreshing native plugins compatible for Editor in 4.64 ms, found 4 plugins.
Preloading 0 native plugins for Editor in 0.00 ms.
Unloading 36 Unused Serialized files (Serialized files now loaded: 0)
Unloading 7207 unused Assets / (7.3 MB). Loaded Objects now: 8323.
Memory consumption went from 182.4 MB to 175.1 MB.
Total: 13.813100 ms (FindLiveObjects: 0.782300 ms CreateObjectMapping: 0.337900 ms MarkObjects: 7.091000 ms  DeleteObjects: 5.600000 ms)

Prepare: number of updated asset objects reloaded= 0
========================================================================
Received Prepare
Begin MonoManager ReloadAssembly
- Loaded All Assemblies, in  1.079 seconds
Refreshing native plugins compatible for Editor in 3.85 ms, found 4 plugins.
Native extension for WindowsStandalone target not found
Native extension for WebGL target not found
Mono: successfully reloaded assembly
- Finished resetting the current domain, in  1.216 seconds
Domain Reload Profiling: 2294ms
	BeginReloadAssembly (299ms)
		ExecutionOrderSort (0ms)
		DisableScriptedObjects (18ms)
		BackupInstance (0ms)
		ReleaseScriptingObjects (0ms)
		CreateAndSetChildDomain (70ms)
	RebuildCommonClasses (35ms)
	RebuildNativeTypeToScriptingClass (13ms)
	initialDomainReloadingComplete (36ms)
	LoadAllAssembliesAndSetupDomain (694ms)
		LoadAssemblies (519ms)
		RebuildTransferFunctionScriptingTraits (0ms)
		AnalyzeDomain (304ms)
			TypeCache.Refresh (46ms)
				TypeCache.ScanAssembly (0ms)
			BuildScriptInfoCaches (240ms)
			ResolveRequiredComponents (12ms)
	FinalizeReload (1217ms)
		ReleaseScriptCaches (0ms)
		RebuildScriptCaches (0ms)
		SetupLoadedEditorAssemblies (993ms)
			LogAssemblyErrors (0ms)
			InitializePlatformSupportModulesInManaged (3ms)
			SetLoadedEditorAssemblies (16ms)
			BeforeProcessingInitializeOnLoad (181ms)
			ProcessInitializeOnLoadAttributes (610ms)
			ProcessInitializeOnLoadMethodAttributes (173ms)
			AfterProcessingInitializeOnLoad (10ms)
			EditorAssembliesLoaded (1ms)
		ExecutionOrderSort2 (0ms)
		AwakeInstancesAfterBackupRestoration (29ms)
Refreshing native plugins compatible for Editor in 4.36 ms, found 4 plugins.
Preloading 0 native plugins for Editor in 0.00 ms.
Unloading 36 Unused Serialized files (Serialized files now loaded: 0)
Unloading 7207 unused Assets / (7.3 MB). Loaded Objects now: 8326.
Memory consumption went from 184.5 MB to 177.3 MB.
Total: 12.921100 ms (FindLiveObjects: 0.839400 ms CreateObjectMapping: 0.505500 ms MarkObjects: 7.494500 ms  DeleteObjects: 4.079400 ms)

Prepare: number of updated asset objects reloaded= 0
========================================================================
Received Prepare
Begin MonoManager ReloadAssembly
- Loaded All Assemblies, in  0.979 seconds
Refreshing native plugins compatible for Editor in 4.03 ms, found 4 plugins.
Native extension for WindowsStandalone target not found
Native extension for WebGL target not found
Mono: successfully reloaded assembly
- Finished resetting the current domain, in  1.093 seconds
Domain Reload Profiling: 2071ms
	BeginReloadAssembly (289ms)
		ExecutionOrderSort (0ms)
		DisableScriptedObjects (17ms)
		BackupInstance (0ms)
		ReleaseScriptingObjects (0ms)
		CreateAndSetChildDomain (70ms)
	RebuildCommonClasses (43ms)
	RebuildNativeTypeToScriptingClass (13ms)
	initialDomainReloadingComplete (36ms)
	LoadAllAssembliesAndSetupDomain (597ms)
		LoadAssemblies (453ms)
		RebuildTransferFunctionScriptingTraits (0ms)
		AnalyzeDomain (266ms)
			TypeCache.Refresh (7ms)
				TypeCache.ScanAssembly (0ms)
			BuildScriptInfoCaches (241ms)
			ResolveRequiredComponents (14ms)
	FinalizeReload (1093ms)
		ReleaseScriptCaches (0ms)
		RebuildScriptCaches (0ms)
		SetupLoadedEditorAssemblies (900ms)
			LogAssemblyErrors (0ms)
			InitializePlatformSupportModulesInManaged (3ms)
			SetLoadedEditorAssemblies (10ms)
			BeforeProcessingInitializeOnLoad (172ms)
			ProcessInitializeOnLoadAttributes (600ms)
			ProcessInitializeOnLoadMethodAttributes (106ms)
			AfterProcessingInitializeOnLoad (8ms)
			EditorAssembliesLoaded (0ms)
		ExecutionOrderSort2 (0ms)
		AwakeInstancesAfterBackupRestoration (18ms)
Refreshing native plugins compatible for Editor in 4.72 ms, found 4 plugins.
Preloading 0 native plugins for Editor in 0.00 ms.
Unloading 36 Unused Serialized files (Serialized files now loaded: 0)
Unloading 7207 unused Assets / (7.6 MB). Loaded Objects now: 8329.
Memory consumption went from 186.6 MB to 179.0 MB.
Total: 17.626800 ms (FindLiveObjects: 1.174600 ms CreateObjectMapping: 0.486700 ms MarkObjects: 7.968400 ms  DeleteObjects: 7.994500 ms)

Prepare: number of updated asset objects reloaded= 0
========================================================================
Received Prepare
Begin MonoManager ReloadAssembly
- Loaded All Assemblies, in  0.950 seconds
Refreshing native plugins compatible for Editor in 3.33 ms, found 4 plugins.
Native extension for WindowsStandalone target not found
Native extension for WebGL target not found
Mono: successfully reloaded assembly
- Finished resetting the current domain, in  1.093 seconds
Domain Reload Profiling: 2043ms
	BeginReloadAssembly (264ms)
		ExecutionOrderSort (0ms)
		DisableScriptedObjects (18ms)
		BackupInstance (0ms)
		ReleaseScriptingObjects (0ms)
		CreateAndSetChildDomain (58ms)
	RebuildCommonClasses (43ms)
	RebuildNativeTypeToScriptingClass (19ms)
	initialDomainReloadingComplete (33ms)
	LoadAllAssembliesAndSetupDomain (590ms)
		LoadAssemblies (442ms)
		RebuildTransferFunctionScriptingTraits (0ms)
		AnalyzeDomain (260ms)
			TypeCache.Refresh (8ms)
				TypeCache.ScanAssembly (0ms)
			BuildScriptInfoCaches (231ms)
			ResolveRequiredComponents (18ms)
	FinalizeReload (1094ms)
		ReleaseScriptCaches (0ms)
		RebuildScriptCaches (0ms)
		SetupLoadedEditorAssemblies (903ms)
			LogAssemblyErrors (0ms)
			InitializePlatformSupportModulesInManaged (3ms)
			SetLoadedEditorAssemblies (9ms)
			BeforeProcessingInitializeOnLoad (160ms)
			ProcessInitializeOnLoadAttributes (617ms)
			ProcessInitializeOnLoadMethodAttributes (103ms)
			AfterProcessingInitializeOnLoad (11ms)
			EditorAssembliesLoaded (0ms)
		ExecutionOrderSort2 (0ms)
		AwakeInstancesAfterBackupRestoration (21ms)
Refreshing native plugins compatible for Editor in 4.21 ms, found 4 plugins.
Preloading 0 native plugins for Editor in 0.00 ms.
Unloading 36 Unused Serialized files (Serialized files now loaded: 0)
Unloading 7207 unused Assets / (6.8 MB). Loaded Objects now: 8332.
Memory consumption went from 188.7 MB to 181.9 MB.
Total: 15.720500 ms (FindLiveObjects: 1.588500 ms CreateObjectMapping: 0.786800 ms MarkObjects: 7.765100 ms  DeleteObjects: 5.578100 ms)

Prepare: number of updated asset objects reloaded= 0
========================================================================
Received Import Request.
  Time since last request: 356.102562 seconds.
  path: Assets/Scenes/Level1.unity
  artifactKey: Guid(dbfecb23fab72684593d7d69f10c284d) Importer(815301076,1909f56bfc062723c751e8b465ee728b)
Start importing Assets/Scenes/Level1.unity using Guid(dbfecb23fab72684593d7d69f10c284d) Importer(815301076,1909f56bfc062723c751e8b465ee728b) (PreviewImporter) -> (artifact id: 'e794ab6f0775e5056dcdb6077fa532fc') in 0.0295156 seconds
Number of updated asset objects reloaded before import = 0Number of asset objects unloaded after import = 0

========================================================================
Received Import Request.
  Time since last request: 86.216409 seconds.
  path: Assets/Scenes/Level1.unity
  artifactKey: Guid(dbfecb23fab72684593d7d69f10c284d) Importer(815301076,1909f56bfc062723c751e8b465ee728b)
Start importing Assets/Scenes/Level1.unity using Guid(dbfecb23fab72684593d7d69f10c284d) Importer(815301076,1909f56bfc062723c751e8b465ee728b) (PreviewImporter) -> (artifact id: '732cfc5c05c849b829613b4b271f13cc') in 0.0017781 seconds
Number of updated asset objects reloaded before import = 0Number of asset objects unloaded after import = 0

========================================================================
Received Prepare
Begin MonoManager ReloadAssembly
- Loaded All Assemblies, in  2.651 seconds
Refreshing native plugins compatible for Editor in 4.06 ms, found 4 plugins.
Native extension for WindowsStandalone target not found
Native extension for WebGL target not found
Mono: successfully reloaded assembly
- Finished resetting the current domain, in  1.348 seconds
Domain Reload Profiling: 3997ms
	BeginReloadAssembly (271ms)
		ExecutionOrderSort (0ms)
		DisableScriptedObjects (21ms)
		BackupInstance (0ms)
		ReleaseScriptingObjects (0ms)
		CreateAndSetChildDomain (50ms)
	RebuildCommonClasses (49ms)
	RebuildNativeTypeToScriptingClass (12ms)
	initialDomainReloadingComplete (39ms)
	LoadAllAssembliesAndSetupDomain (2278ms)
		LoadAssemblies (2168ms)
		RebuildTransferFunctionScriptingTraits (0ms)
		AnalyzeDomain (236ms)
			TypeCache.Refresh (9ms)
				TypeCache.ScanAssembly (0ms)
			BuildScriptInfoCaches (210ms)
			ResolveRequiredComponents (12ms)
	FinalizeReload (1349ms)
		ReleaseScriptCaches (0ms)
		RebuildScriptCaches (0ms)
		SetupLoadedEditorAssemblies (1091ms)
			LogAssemblyErrors (0ms)
			InitializePlatformSupportModulesInManaged (4ms)
			SetLoadedEditorAssemblies (7ms)
			BeforeProcessingInitializeOnLoad (195ms)
			ProcessInitializeOnLoadAttributes (759ms)
			ProcessInitializeOnLoadMethodAttributes (112ms)
			AfterProcessingInitializeOnLoad (13ms)
			EditorAssembliesLoaded (1ms)
		ExecutionOrderSort2 (0ms)
		AwakeInstancesAfterBackupRestoration (28ms)
Refreshing native plugins compatible for Editor in 6.73 ms, found 4 plugins.
Preloading 0 native plugins for Editor in 0.00 ms.
Unloading 36 Unused Serialized files (Serialized files now loaded: 0)
Unloading 7207 unused Assets / (7.6 MB). Loaded Objects now: 8335.
Memory consumption went from 178.5 MB to 170.8 MB.
Total: 15.840200 ms (FindLiveObjects: 0.998300 ms CreateObjectMapping: 1.023900 ms MarkObjects: 7.495400 ms  DeleteObjects: 6.320200 ms)

Prepare: number of updated asset objects reloaded= 0
========================================================================
Received Import Request.
  Time since last request: 522.216898 seconds.
  path: Assets/Backgrounds/Castle Backgrounds Pixel Art 3/Prefabs
  artifactKey: Guid(ebed46baea1fd0a4f8f91b547e4324d6) Importer(815301076,1909f56bfc062723c751e8b465ee728b)
Start importing Assets/Backgrounds/Castle Backgrounds Pixel Art 3/Prefabs using Guid(ebed46baea1fd0a4f8f91b547e4324d6) Importer(815301076,1909f56bfc062723c751e8b465ee728b) (PreviewImporter) -> (artifact id: 'a1f7f158d41ad7d397649b7a73f631ea') in 0.2052498 seconds
Number of updated asset objects reloaded before import = 0Number of asset objects unloaded after import = 0

========================================================================
Received Import Request.
  Time since last request: 39.958045 seconds.
  path: Assets/Backgrounds/Castle Backgrounds Pixel Art 3/Prefabs/Player.prefab
  artifactKey: Guid(8507b201cf7347f4cab7a20045caa01c) Importer(815301076,1909f56bfc062723c751e8b465ee728b)
Start importing Assets/Backgrounds/Castle Backgrounds Pixel Art 3/Prefabs/Player.prefab using Guid(8507b201cf7347f4cab7a20045caa01c) Importer(815301076,1909f56bfc062723c751e8b465ee728b) (PreviewImporter) -> (artifact id: 'c83b4d16ac078eb113d2d91be645c6a5') in 1.1624898 seconds
Number of updated asset objects reloaded before import = 0Number of asset objects unloaded after import = 17

========================================================================
Received Import Request.
  Time since last request: 21.642341 seconds.
  path: Assets/Backgrounds/Castle Backgrounds Pixel Art 3/Prefabs/Player.prefab
  artifactKey: Guid(8507b201cf7347f4cab7a20045caa01c) Importer(815301076,1909f56bfc062723c751e8b465ee728b)
Start importing Assets/Backgrounds/Castle Backgrounds Pixel Art 3/Prefabs/Player.prefab using Guid(8507b201cf7347f4cab7a20045caa01c) Importer(815301076,1909f56bfc062723c751e8b465ee728b) (PreviewImporter) -> (artifact id: '7103093425aadcf06abbc15130c336ed') in 0.0131508 seconds
Number of updated asset objects reloaded before import = 0Number of asset objects unloaded after import = 17

========================================================================
Received Import Request.
  Time since last request: 5.836312 seconds.
  path: Assets/Backgrounds/Castle Backgrounds Pixel Art 3/Prefabs/Player.prefab
  artifactKey: Guid(8507b201cf7347f4cab7a20045caa01c) Importer(815301076,1909f56bfc062723c751e8b465ee728b)
Start importing Assets/Backgrounds/Castle Backgrounds Pixel Art 3/Prefabs/Player.prefab using Guid(8507b201cf7347f4cab7a20045caa01c) Importer(815301076,1909f56bfc062723c751e8b465ee728b) (PreviewImporter) -> (artifact id: 'fa3dcd5f4d31de8d5e07aa115b6c79ce') in 0.0087129 seconds
Number of updated asset objects reloaded before import = 0Number of asset objects unloaded after import = 17

========================================================================
Received Prepare
Begin MonoManager ReloadAssembly
- Loaded All Assemblies, in  4.616 seconds
Refreshing native plugins compatible for Editor in 4.56 ms, found 4 plugins.
Native extension for WindowsStandalone target not found
Native extension for WebGL target not found
Mono: successfully reloaded assembly
- Finished resetting the current domain, in  1.514 seconds
Domain Reload Profiling: 6146ms
	BeginReloadAssembly (1914ms)
		ExecutionOrderSort (1ms)
		DisableScriptedObjects (412ms)
		BackupInstance (0ms)
		ReleaseScriptingObjects (9ms)
		CreateAndSetChildDomain (573ms)
	RebuildCommonClasses (54ms)
	RebuildNativeTypeToScriptingClass (15ms)
	initialDomainReloadingComplete (85ms)
	LoadAllAssembliesAndSetupDomain (2562ms)
		LoadAssemblies (1966ms)
		RebuildTransferFunctionScriptingTraits (0ms)
		AnalyzeDomain (948ms)
			TypeCache.Refresh (55ms)
				TypeCache.ScanAssembly (0ms)
			BuildScriptInfoCaches (831ms)
			ResolveRequiredComponents (28ms)
	FinalizeReload (1515ms)
		ReleaseScriptCaches (0ms)
		RebuildScriptCaches (0ms)
		SetupLoadedEditorAssemblies (1172ms)
			LogAssemblyErrors (0ms)
			InitializePlatformSupportModulesInManaged (6ms)
			SetLoadedEditorAssemblies (11ms)
			BeforeProcessingInitializeOnLoad (269ms)
			ProcessInitializeOnLoadAttributes (778ms)
			ProcessInitializeOnLoadMethodAttributes (100ms)
			AfterProcessingInitializeOnLoad (8ms)
			EditorAssembliesLoaded (1ms)
		ExecutionOrderSort2 (0ms)
		AwakeInstancesAfterBackupRestoration (21ms)
Refreshing native plugins compatible for Editor in 3.29 ms, found 4 plugins.
Preloading 0 native plugins for Editor in 0.00 ms.
Unloading 36 Unused Serialized files (Serialized files now loaded: 0)
Unloading 7207 unused Assets / (7.6 MB). Loaded Objects now: 8338.
Memory consumption went from 178.6 MB to 170.9 MB.
Total: 13.460600 ms (FindLiveObjects: 0.778400 ms CreateObjectMapping: 0.437900 ms MarkObjects: 6.986400 ms  DeleteObjects: 5.255100 ms)

Prepare: number of updated asset objects reloaded= 0
========================================================================
Received Import Request.
  Time since last request: 549.336769 seconds.
  path: Assets/Backgrounds/Castle Backgrounds Pixel Art 3/Prefabs/Player.prefab
  artifactKey: Guid(8507b201cf7347f4cab7a20045caa01c) Importer(815301076,1909f56bfc062723c751e8b465ee728b)
Start importing Assets/Backgrounds/Castle Backgrounds Pixel Art 3/Prefabs/Player.prefab using Guid(8507b201cf7347f4cab7a20045caa01c) Importer(815301076,1909f56bfc062723c751e8b465ee728b) (PreviewImporter) -> (artifact id: 'ad72b678cdc95bad9f7e76c446be9926') in 0.2115327 seconds
Number of updated asset objects reloaded before import = 0Number of asset objects unloaded after import = 18

========================================================================
Received Import Request.
  Time since last request: 140.792718 seconds.
  path: Assets/Scenes/Level1.unity
  artifactKey: Guid(dbfecb23fab72684593d7d69f10c284d) Importer(815301076,1909f56bfc062723c751e8b465ee728b)
Start importing Assets/Scenes/Level1.unity using Guid(dbfecb23fab72684593d7d69f10c284d) Importer(815301076,1909f56bfc062723c751e8b465ee728b) (PreviewImporter) -> (artifact id: '6e2eb983268af3f7505de8af699a411a') in 0.0042726 seconds
Number of updated asset objects reloaded before import = 0Number of asset objects unloaded after import = 0

========================================================================
Received Prepare
Begin MonoManager ReloadAssembly
- Loaded All Assemblies, in  2.520 seconds
Refreshing native plugins compatible for Editor in 4.33 ms, found 4 plugins.
Native extension for WindowsStandalone target not found
Native extension for WebGL target not found
Mono: successfully reloaded assembly
- Finished resetting the current domain, in  1.289 seconds
Domain Reload Profiling: 3815ms
	BeginReloadAssembly (990ms)
		ExecutionOrderSort (1ms)
		DisableScriptedObjects (119ms)
		BackupInstance (0ms)
		ReleaseScriptingObjects (6ms)
		CreateAndSetChildDomain (390ms)
	RebuildCommonClasses (46ms)
	RebuildNativeTypeToScriptingClass (13ms)
	initialDomainReloadingComplete (53ms)
	LoadAllAssembliesAndSetupDomain (1423ms)
		LoadAssemblies (1293ms)
		RebuildTransferFunctionScriptingTraits (0ms)
		AnalyzeDomain (425ms)
			TypeCache.Refresh (18ms)
				TypeCache.ScanAssembly (0ms)
			BuildScriptInfoCaches (365ms)
			ResolveRequiredComponents (20ms)
	FinalizeReload (1289ms)
		ReleaseScriptCaches (0ms)
		RebuildScriptCaches (0ms)
		SetupLoadedEditorAssemblies (1015ms)
			LogAssemblyErrors (0ms)
			InitializePlatformSupportModulesInManaged (3ms)
			SetLoadedEditorAssemblies (8ms)
			BeforeProcessingInitializeOnLoad (176ms)
			ProcessInitializeOnLoadAttributes (689ms)
			ProcessInitializeOnLoadMethodAttributes (128ms)
			AfterProcessingInitializeOnLoad (10ms)
			EditorAssembliesLoaded (1ms)
		ExecutionOrderSort2 (0ms)
		AwakeInstancesAfterBackupRestoration (25ms)
Refreshing native plugins compatible for Editor in 3.89 ms, found 4 plugins.
Preloading 0 native plugins for Editor in 0.00 ms.
Unloading 36 Unused Serialized files (Serialized files now loaded: 0)
Unloading 7207 unused Assets / (7.8 MB). Loaded Objects now: 8341.
Memory consumption went from 178.6 MB to 170.8 MB.
Total: 17.618200 ms (FindLiveObjects: 1.586200 ms CreateObjectMapping: 0.574800 ms MarkObjects: 9.317300 ms  DeleteObjects: 6.137500 ms)

Prepare: number of updated asset objects reloaded= 0
